ObjectID,Era,Country of Origin,Firearm Action,Firearm Feed Option,Round Power,Category
3006SpringfieldStripperClip,TurnOfTheCentury,None,None,,None,Clip
303BritishStripperClip,TurnOfTheCentury,None,None,,None,Clip
35RemingtonStripperClip,WildWest,None,None,,None,Clip
38TroundClip,PostWar,None,None,,None,Clip
75x54mmFrenchStripperClip,TurnOfTheCentury,None,None,,None,Clip
762x39mmStripperClip,TurnOfTheCentury,None,None,,None,Clip
762x51mmStripperClip,PostWar,None,None,,None,Clip
762x54mmRStripperClip,TurnOfTheCentury,None,None,,None,Clip
792x57mmStripperClip,TurnOfTheCentury,None,None,,None,Clip
C96MauserStripperClip,TurnOfTheCentury,None,None,,None,Clip
StripperClipM1912,WW1,None,None,,None,Clip
106x25mmRCartridgeSP,WildWest,None,None,,Pistol,Cartridge
106x25mmRCartridgeTracer,WW1,None,None,,Pistol,Cartridge
10mmAutoCartridgeFMJ,PostWar,None,None,,Pistol,Cartridge
10mmAutoCartridgeJHP,PostWar,None,None,,Pistol,Cartridge
10mmAutoCartridgeTracer,PostWar,None,None,,Pistol,Cartridge
10mmDSMCartridgeFrag,Futuristic,None,None,,Exotic,Cartridge
10mmDSMCartridgeMag,Futuristic,None,None,,Exotic,Cartridge
10mmDSMCartridgeMine,Futuristic,None,None,,Exotic,Cartridge
10mmDSMCartridgeSlugger,Futuristic,None,None,,Exotic,Cartridge
10mmDSMCartridgeSwarm,Futuristic,None,None,,Exotic,Cartridge
10mmDSMCartridgeTracer,Futuristic,None,None,,Exotic,Cartridge
10mmDSMCartridgeTruboPenetrator,Futuristic,None,None,,Exotic,Cartridge
10mmDSMCartridgeVolt,Futuristic,None,None,,Exotic,Cartridge
10x27mmPulsed,Futuristic,None,None,,Exotic,Cartridge
Cartridge127x108mmAP,WW2,None,None,,AntiMaterial,Cartridge
Cartridge127x108mmAPIncendiary,WW2,None,None,,AntiMaterial,Cartridge
Cartridge127x108mmDouble,WW2,None,None,,AntiMaterial,Cartridge
Cartridge127x108mmFMJ,WW2,None,None,,AntiMaterial,Cartridge
Cartridge127x108mmIncendiary,WW2,None,None,,AntiMaterial,Cartridge
Cartridge127x108mmTracer,WW2,None,None,,AntiMaterial,Cartridge
12GaugeShell00Buckshot,WildWest,None,None,,Shotgun,Cartridge
12GaugeShellCannonball,Modern,None,None,,Shotgun,Cartridge
12GaugeShellDragonsBreath,Modern,None,None,,Shotgun,Cartridge
12GaugeShellFlechette,Modern,None,None,,Shotgun,Cartridge
12GaugeShellFreedomfetti,Modern,None,None,,Shotgun,Cartridge
12GaugeShellNo2Buckshot,WildWest,None,None,,Shotgun,Cartridge
12GaugeShellNo4Buckshot,WildWest,None,None,,Shotgun,Cartridge
12GaugeShellRedFlare,PostWar,None,None,,Shotgun,Cartridge
12GaugeShellSlug,WW1,None,None,,Shotgun,Cartridge
12GaugeShellSWAG12FA,Modern,None,None,,Shotgun,Cartridge
12GaugeShellSWAG12HE,Modern,None,None,,Shotgun,Cartridge
12GaugeShellTripleHit,Modern,None,None,,Shotgun,Cartridge
Cartridge12GaugeBelted000Buckshot,PostWar,None,None,,Shotgun,Cartridge
Cartridge12GaugeBeltedFlechette,PostWar,None,None,,Shotgun,Cartridge
Cartridge12GaugeBeltedSlug,PostWar,None,None,,Shotgun,Cartridge
Cartridge12GaugeShortNo1Buckshot,PostWar,None,None,,Shotgun,Cartridge
13_2mmTUFFMJ,WW1,None,None,,AntiMaterial,Cartridge
Cartridge_16Gauge_Buckshot,TurnOfTheCentury,None,None,,Shotgun,Cartridge
Cartridge_16Gauge_DragonsBreath,Modern,None,None,,Shotgun,Cartridge
Cartridge_16Gauge_Freedomfetti,Modern,None,None,,Shotgun,Cartridge
Cartridge_16Gauge_Slug,WW1,None,None,,Shotgun,Cartridge
20GaugeShellBuckshot,TurnOfTheCentury,None,None,,Shotgun,Cartridge
20GaugeShellDragonsBreath,Modern,None,None,,Shotgun,Cartridge
20GaugeShellFreedomfetti,Modern,None,None,,Shotgun,Cartridge
20GaugeShellSlug,WW1,None,None,,Shotgun,Cartridge
Cartridge20x82mmFMJ,PostWar,None,None,,AntiMaterial,Cartridge
Cartridge20x82mmHE,PostWar,None,None,,AntiMaterial,Cartridge
22LRCartridgeHVHP,PostWar,None,None,,Tiny,Cartridge
22LRCartridgeSP,TurnOfTheCentury,None,None,,Tiny,Cartridge
22LRCartridgeTracer,WW1,None,None,,Tiny,Cartridge
22WMCartridgeHVHP,PostWar,None,None,,Tiny,Cartridge
22WMCartridgeSP,PostWar,None,None,,Tiny,Cartridge
22WMCartridgeTracer,PostWar,None,None,,Tiny,Cartridge
23x75mmR_Barricade,PostWar,None,None,,Shotgun,Cartridge
23x75mmR_Buckshot,PostWar,None,None,,Shotgun,Cartridge
23x75mmR_CSGas,PostWar,None,None,,Shotgun,Cartridge
23x75mmR_Flash,PostWar,None,None,,Shotgun,Cartridge
25ACPCartridgeFMJ,WW2,None,None,,Tiny,Cartridge
25ACPCartridgeJHP,WW2,None,None,,Tiny,Cartridge
25ACPCartridgeTracer,WW2,None,None,,Tiny,Cartridge
27x90mmCartridgeFrag,Futuristic,None,None,,Exotic,Cartridge
27x90mmCartridgeHEAT,Futuristic,None,None,,Exotic,Cartridge
27x90mmCartridgeInferno,Futuristic,None,None,,Exotic,Cartridge
27x90mmCartridgeMegabuck,Futuristic,None,None,,Exotic,Cartridge
27x90mmCartridgeSmokescreen,Futuristic,None,None,,Exotic,Cartridge
27x90mmCartridgeTriFlash,Futuristic,None,None,,Exotic,Cartridge
Cartridge280BritishAP,PostWar,None,None,,Intermediate,Cartridge
Cartridge280BritishAPIncendiary,PostWar,None,None,,Intermediate,Cartridge
Cartridge280BritishFMJ,PostWar,None,None,,Intermediate,Cartridge
Cartridge280BritishIncendiary,PostWar,None,None,,Intermediate,Cartridge
Cartridge280BritishJHP,PostWar,None,None,,Intermediate,Cartridge
Cartridge280BritishTracer,PostWar,None,None,,Intermediate,Cartridge
3006SpringfieldCartridgeAP,PostWar,None,None,,FullPower,Cartridge
3006SpringfieldCartridgeAPIncendiary,PostWar,None,None,,FullPower,Cartridge
3006SpringfieldCartridgeFMJ,TurnOfTheCentury,None,None,,FullPower,Cartridge
3006SpringfieldCartridgeIncendiary,PostWar,None,None,,FullPower,Cartridge
3006SpringfieldCartridgeJHP,TurnOfTheCentury,None,None,,FullPower,Cartridge
3006SpringfieldCartridgeTracer,WW1,None,None,,FullPower,Cartridge
300BlackoutCartridgeAP,Modern,None,None,,Intermediate,Cartridge
300BlackoutCartridgeAPIncendiary,Modern,None,None,,Intermediate,Cartridge
300BlackoutCartridgeFMJ,Modern,None,None,,Intermediate,Cartridge
300BlackoutCartridgeIncendiary,Modern,None,None,,Intermediate,Cartridge
300BlackoutCartridgeJHP,Modern,None,None,,Intermediate,Cartridge
300BlackoutCartridgeSubSonicAP,Modern,None,None,,Intermediate,Cartridge
300BlackoutCartridgeSubSonicFMJ,Modern,None,None,,Intermediate,Cartridge
300BlackoutCartridgeTracer,Modern,None,None,,Intermediate,Cartridge
300WinMagCartridgeAP,PostWar,None,None,,FullPower,Cartridge
300WinMagCartridgeAPIncendiary,PostWar,None,None,,FullPower,Cartridge
300WinMagCartridgeFMJ,PostWar,None,None,,FullPower,Cartridge
300WinMagCartridgeIncendiary,PostWar,None,None,,FullPower,Cartridge
300WinMagCartridgeJHP,PostWar,None,None,,FullPower,Cartridge
300WinMagCartridgeTracer,PostWar,None,None,,FullPower,Cartridge
303BritishCartridgeFMJ,WildWest,None,None,,FullPower,Cartridge
303BritishCartridgeTracer,TurnOfTheCentury,None,None,,FullPower,Cartridge
308WinchesterCartridgeAP,PostWar,None,None,,FullPower,Cartridge
308WinchesterCartridgeAPIncendiary,PostWar,None,None,,FullPower,Cartridge
308WinchesterCartridgeFMJ,PostWar,None,None,,FullPower,Cartridge
308WinchesterCartridgeIncendiary,PostWar,None,None,,FullPower,Cartridge
308WinchesterCartridgeJHP,PostWar,None,None,,FullPower,Cartridge
308WinchesterCartridgeTracer,PostWar,None,None,,FullPower,Cartridge
30CarbineCartridgeFMJ,WW2,None,None,,Intermediate,Cartridge
30CarbineCartridgeTracer,WW2,None,None,,Intermediate,Cartridge
32ACPCartridgeFMJ,TurnOfTheCentury,None,None,,Tiny,Cartridge
32ACPCartridgeJHP,TurnOfTheCentury,None,None,,Tiny,Cartridge
32ACPCartridgeTracer,WW1,None,None,,Tiny,Cartridge
338LapuaCartridgeAP,TurnOfTheCentury,None,None,,FullPower,Cartridge
338LapuaAPIncendiary,TurnOfTheCentury,None,None,,FullPower,Cartridge
338LapuaCartridgeFMJ,TurnOfTheCentury,None,None,,FullPower,Cartridge
338LapuaCartridgeIncendiary,TurnOfTheCentury,None,None,,FullPower,Cartridge
338LapuaCartridgeJHP,TurnOfTheCentury,None,None,,FullPower,Cartridge
338LapuaCartridgeTracer,TurnOfTheCentury,None,None,,FullPower,Cartridge
357MagnumCartridgeFMJ,WW1,None,None,,Pistol,Cartridge
357MagnumCartridgeJHP,WW1,None,None,,Pistol,Cartridge
357MagnumCartridgeTracer,WW1,None,None,,Pistol,Cartridge
Cartridge357SigFMJ,PostWar,None,None,,None,Cartridge
Cartridge357SigJHP,PostWar,None,None,,None,Cartridge
Cartridge357SigTracer,PostWar,None,None,,None,Cartridge
35RemingtonCartridgeFMJ,TurnOfTheCentury,None,None,,Intermediate,Cartridge
36MosesCartridgeFMJ,Futuristic,None,None,,Exotic,Cartridge
380ACPCartridgeFMJ,TurnOfTheCentury,None,None,,Pistol,Cartridge
380ACPCartridgeJHP,TurnOfTheCentury,None,None,,Pistol,Cartridge
380ACPCartridgeTracer,WW1,None,None,,Pistol,Cartridge
Cartridge38ACPFMJ,TurnOfTheCentury,None,None,,Pistol,Cartridge
Cartridge_38Rimfire_JHP,WildWest,None,None,,Tiny,Cartridge
Cartridge_38Rimfire_SP,WildWest,None,None,,Tiny,Cartridge
Cartridge_38Rimfire_Tracer,WW1,None,None,,Tiny,Cartridge
38SpecialCartridgeFMJ,TurnOfTheCentury,None,None,,Pistol,Cartridge
38SpecialCartridgeJHP,TurnOfTheCentury,None,None,,Pistol,Cartridge
38SpecialCartridgeTracer,WW1,None,None,,Pistol,Cartridge
Cartridge38TroundFlechette,PostWar,None,None,,Pistol,Cartridge
Cartridge38TroundFMJ,PostWar,None,None,,Pistol,Cartridge
Cartridge3Gauge00Buck,Modern,None,None,,Exotic,Cartridge
408CheyenneCartridgeAP,Modern,None,None,,FullPower,Cartridge
408CheyenneAPIncendiary,Modern,None,None,,FullPower,Cartridge
408CheyenneCartridgeFMJ,Modern,None,None,,FullPower,Cartridge
408CheyenneCartridgeIncendiary,Modern,None,None,,FullPower,Cartridge
408CheyenneCartridgeJHP,Modern,None,None,,FullPower,Cartridge
408CheyenneCartridgeTracer,Modern,None,None,,FullPower,Cartridge
Cartridge_40mmCaseless_HEF,PostWar,None,None,,Ordnance,Cartridge
Cartridge_40mmCaseless_HEFJ,PostWar,None,None,,Ordnance,Cartridge
Cartridge_40mmCaseless_SF1,PostWar,None,None,,Ordnance,Cartridge
Cartridge_40mmCaseless_SMK,PostWar,None,None,,Ordnance,Cartridge
Cartridge_40mmCaseless_TPM,PostWar,None,None,,Ordnance,Cartridge
40SWCartridgeFMJ,Modern,None,None,,Pistol,Cartridge
40SWCartridgeJHP,Modern,None,None,,Pistol,Cartridge
40SWCartridgeTracer,Modern,None,None,,Pistol,Cartridge
Cartridge_40x46Grenade_M381,PostWar,None,None,,Ordnance,Cartridge
Cartridge_40x46Grenade_M397,PostWar,None,None,,Ordnance,Cartridge
Cartridge_40x46Grenade_M576,PostWar,None,None,,Ordnance,Cartridge
Cartridge_40x46Grenade_M651,PostWar,None,None,,Ordnance,Cartridge
Cartridge_40x46Grenade_M781,PostWar,None,None,,Ordnance,Cartridge
Cartridge_40x46Grenade_X1776,Modern,None,None,,None,Cartridge
Cartridge_40x46Grenade_X214,Modern,None,None,,None,Cartridge
Cartridge_40x46Grenade_X477,Modern,None,None,,None,Cartridge
Cartridge_40x46Grenade_X666,Modern,None,None,,None,Cartridge
Cartridge_40x53mmGrenade_M430A1_HEDP,Modern,None,None,,Ordnance,Cartridge
41ShortSP,WildWest,None,None,,Tiny,Cartridge
41VolcanicSP,WildWest,None,None,,Tiny,Cartridge
Cartridge_44_40_HighGrain,WildWest,None,None,,Pistol,Cartridge
Cartridge_44_40_JHP,WildWest,None,None,,Pistol,Cartridge
Cartridge_44_40_Penetrator,Modern,None,None,,Pistol,Cartridge
Cartridge_44_40_SoftPoint,WildWest,None,None,,Pistol,Cartridge
Cartridge_44_40_Tracer,WW1,None,None,,Pistol,Cartridge
44HenryRimfire,WildWest,None,None,,Pistol,Cartridge
Cartridge_44Magnum_FMJ,PostWar,None,None,,Pistol,Cartridge
Cartridge_44Magnum_JHP,PostWar,None,None,,Pistol,Cartridge
Cartridge_44Magnum_Penetrator,PostWar,None,None,,Pistol,Cartridge
Cartridge_44Magnum_SoftPoint,PostWar,None,None,,Pistol,Cartridge
Cartridge_44Magnum_Tracer,PostWar,None,None,,Pistol,Cartridge
454Casull_HighGrain,Modern,None,None,,Pistol,Cartridge
454Casull_JHP,Modern,None,None,,Pistol,Cartridge
454Casull_Penetrator,Modern,None,None,,Pistol,Cartridge
454Casull_Softpoint,Modern,None,None,,Pistol,Cartridge
454Casull_Tracer,Modern,None,None,,Pistol,Cartridge
455AutoCartridgeFMJ,TurnOfTheCentury,None,None,,Pistol,Cartridge
455AutoCartridgeTracer,WW1,None,None,,Pistol,Cartridge
455WebleyCartridgeFMJ,WildWest,None,None,,Pistol,Cartridge
455WebleyCartridgeTracer,WW1,None,None,,Pistol,Cartridge
Cartridge45110SharpsHighGrain,WildWest,None,None,,FullPower,Cartridge
Cartridge45110SharpsJHP,WildWest,None,None,,FullPower,Cartridge
Cartridge45110SharpsPenetrator,Modern,None,None,,FullPower,Cartridge
Cartridge45110SharpsSoftPoint,WildWest,None,None,,FullPower,Cartridge
Cartridge45110SharpsTracer,Modern,None,None,,FullPower,Cartridge
45_70Govt_HighGrain,WildWest,None,None,,FullPower,Cartridge
45_70Govt_JHP,WildWest,None,None,,FullPower,Cartridge
45_70Govt_Penetrator,Modern,None,None,,FullPower,Cartridge
45_70Govt_SoftPoint,WildWest,None,None,,FullPower,Cartridge
45_70Govt_Tracer,Modern,None,None,,FullPower,Cartridge
45ACPCartridge+PAPI,Modern,None,None,,Pistol,Cartridge
45ACPCartridge+PFMJ,Modern,None,None,,Pistol,Cartridge
45ACPCartridge+PJHP,Modern,None,None,,Pistol,Cartridge
45ACPCartridgeFMJ,TurnOfTheCentury,None,None,,Pistol,Cartridge
45ACPCartridgeJHP,TurnOfTheCentury,None,None,,Pistol,Cartridge
45ACPCartridgeTracer,WW1,None,None,,Pistol,Cartridge
45ACPOversizeCartridgeMegaBuckShot,Modern,None,None,,Ordnance,Cartridge
45ACPOversizeCartridgeMIRV,Modern,None,None,,Ordnance,Cartridge
45ACPOversizeCartridgeMortar,Modern,None,None,,Ordnance,Cartridge
45LongColtCartridgeSP,WildWest,None,None,,Pistol,Cartridge
45LongColtCartridgeTracer,WW1,None,None,,Pistol,Cartridge
46x30mmCartridgeAP,Modern,None,None,,Intermediate,Cartridge
46x30mmCartridgeAPIncendiary,Modern,None,None,,Intermediate,Cartridge
46x30mmCartridgeFMJ,Modern,None,None,,Intermediate,Cartridge
46x30mmCartridgeIncendiary,Modern,None,None,,Intermediate,Cartridge
46x30mmCartridgeJHP,Modern,None,None,,Intermediate,Cartridge
46x30mmCartridgeTracer,Modern,None,None,,Intermediate,Cartridge
47x33mmFMJCartridgeFMJ,PostWar,None,None,,Tiny,Cartridge
500SWCartridgeFMJ,Modern,None,None,,Pistol,Cartridge
500SWCartridgeJHP,Modern,None,None,,Pistol,Cartridge
500SWCartridgeTracer,Modern,None,None,,Pistol,Cartridge
50AECartridgeFMJ,Modern,None,None,,Pistol,Cartridge
50AECartridgeJHP,Modern,None,None,,Pistol,Cartridge
50AECartridgeTracer,Modern,None,None,,Pistol,Cartridge
50BMGCartridgeAP,WW1,None,None,,AntiMaterial,Cartridge
50BMGCartridgeAPIncendiary,WW1,None,None,,AntiMaterial,Cartridge
50BMGCartridgeFMJ,WW1,None,None,,AntiMaterial,Cartridge
50BMGCartridgeIncendiary,WW1,None,None,,AntiMaterial,Cartridge
50BMGCartridgeMk211,WW1,None,None,,AntiMaterial,Cartridge
50BMGCartridgeTracer,WW1,None,None,,AntiMaterial,Cartridge
50ImaginaryBOOOMY,Modern,None,None,,Exotic,Cartridge
50ImaginaryFLASHY,Modern,None,None,,Exotic,Cartridge
50ImaginaryMEGA,Modern,None,None,,Exotic,Cartridge
50ImaginaryNERMAL,Modern,None,None,,Exotic,Cartridge
50ImaginaryPOINTYOWW,Modern,None,None,,Exotic,Cartridge
50ImaginarySPESHUL,Modern,None,None,,Exotic,Cartridge
Cartridge_50mmPotato,Modern,None,None,,Exotic,Cartridge
50RemingtonBlackPowderCartridgeJHP,Colonial,None,None,,Pistol,Cartridge
50RemingtonBlackPowderCartridgeSP,Colonial,None,None,,Pistol,Cartridge
50RemingtonBlackPowderCartridgeTracer,WW1,None,None,,Pistol,Cartridge
545x39mmCartridgeAP,PostWar,None,None,,Intermediate,Cartridge
545x39mmCartridgeAPIncendiary,PostWar,None,None,,Intermediate,Cartridge
545x39mmCartridgeFMJ,PostWar,None,None,,Intermediate,Cartridge
545x39mmCartridgeIncendiary,PostWar,None,None,,Intermediate,Cartridge
545x39mmCartridgeJHP,PostWar,None,None,,Intermediate,Cartridge
545x39mmCartridgeTracer,PostWar,None,None,,Intermediate,Cartridge
556x45mmCartridgeAP,PostWar,None,None,,Intermediate,Cartridge
556x45mmCartridgeAPIncendiary,PostWar,None,None,,Intermediate,Cartridge
556x45mmCartridgeFMJ,PostWar,None,None,,Intermediate,Cartridge
556x45mmCartridgeIncendiary,PostWar,None,None,,Intermediate,Cartridge
556x45mmCartridgeJHP,PostWar,None,None,,Intermediate,Cartridge
556x45mmCartridgeTracer,PostWar,None,None,,Intermediate,Cartridge
577_450_MartiniHenry,WildWest,None,None,,FullPower,Cartridge
57x28mmCartridgeAP,Modern,None,None,,Intermediate,Cartridge
57x28mmCartridgeAPIncendiary,Modern,None,None,,Intermediate,Cartridge
57x28mmCartridgeFMJ,Modern,None,None,,Intermediate,Cartridge
57x28mmCartridgeIncendiary,Modern,None,None,,Intermediate,Cartridge
57x28mmCartridgeJHP,Modern,None,None,,Intermediate,Cartridge
57x28mmCartridgeTracer,Modern,None,None,,Intermediate,Cartridge
58x42mmCartridgeFMJ,PostWar,None,None,,Intermediate,Cartridge
58x42mmCartridgeTracer,PostWar,None,None,,Intermediate,Cartridge
5mmBergmann Cartridge FMJ,TurnOfTheCentury,None,None,,Tiny,Cartridge
Cartridge_600MagnumBolt_AP,Futuristic,None,None,,Pistol,Cartridge
Cartridge_600MagnumBolt_HE,Futuristic,None,None,,Pistol,Cartridge
Cartridge_600MagnumBolt_JHP,Futuristic,None,None,,Pistol,Cartridge
65x52mmCarcanoCartridgeFMJ,TurnOfTheCentury,None,None,,FullPower,Cartridge
75x54mmFrenchCartridgeFMJ,TurnOfTheCentury,None,None,,FullPower,Cartridge
75x54mmFrenchCartridgeTracer,TurnOfTheCentury,None,None,,FullPower,Cartridge
762x25mmCartridgeFMJ,WW1,None,None,,Pistol,Cartridge
762x25mmCartridgeJHP,WW1,None,None,,Pistol,Cartridge
762x25mmCartridgeTracer,WW1,None,None,,Pistol,Cartridge
762x38mmRCartridgeFMJ,TurnOfTheCentury,None,None,,Pistol,Cartridge
762x39mmCartridgeAP,PostWar,None,None,,Intermediate,Cartridge
762x39mmCartridgeAPIncendiary,PostWar,None,None,,Intermediate,Cartridge
762x39mmCartridgeFMJ,PostWar,None,None,,Intermediate,Cartridge
762x39mmCartridgeIncendiary,PostWar,None,None,,Intermediate,Cartridge
762x39mmCartridgeJHP,PostWar,None,None,,Intermediate,Cartridge
762x39mmCartridgeTracer,PostWar,None,None,,Intermediate,Cartridge
Cartridge762x42mmRFMJ,PostWar,None,None,,Pistol,Cartridge
762x51mmCartridgeAP,PostWar,None,None,,FullPower,Cartridge
762x51mmCartridgeAPIncendiary,PostWar,None,None,,FullPower,Cartridge
762x51mmCartridgeFMJ,PostWar,None,None,,FullPower,Cartridge
762x51mmCartridgeIncendiary,PostWar,None,None,,FullPower,Cartridge
762x51mmCartridgeJHP,PostWar,None,None,,FullPower,Cartridge
762x51mmCartridgeTracer,PostWar,None,None,,FullPower,Cartridge
762x54mmRCartridgeAP,PostWar,None,None,,FullPower,Cartridge
762x54mmRCartridgeAPIncendiary,PostWar,None,None,,FullPower,Cartridge
762x54mmRCartridgeFMJ,WildWest,None,None,,FullPower,Cartridge
762x54mmRCartridgeIncendiary,PostWar,None,None,,FullPower,Cartridge
762x54mmRCartridgeSP,WildWest,None,None,,FullPower,Cartridge
762x54mmRCartridgeTracer,WW1,None,None,,FullPower,Cartridge
Cartridge763x25mmBorchardtFMJ,TurnOfTheCentury,None,None,,Pistol,Cartridge
Cartridge763x25mmBorchardtTracer,WW1,None,None,,Pistol,Cartridge
763x25mmMauserCartridgeFMJ,TurnOfTheCentury,None,None,,Pistol,Cartridge
763x25mmMauserCartridgeJHP,TurnOfTheCentury,None,None,,Pistol,Cartridge
763x25mmMauserCartridgeTracer,WW1,None,None,,Pistol,Cartridge
792x33mmKurzCartridgeFMJ,WW2,None,None,,Intermediate,Cartridge
792x33mmKurzCartridgeTracer,WW2,None,None,,Intermediate,Cartridge
792x57mmCartridgeFMJ,TurnOfTheCentury,None,None,,FullPower,Cartridge
792x57CartridgeTracer,WW1,None,None,,FullPower,Cartridge
8mmBergmannCartridgeFMJ,TurnOfTheCentury,None,None,,Tiny,Cartridge
8x22mmNambuFMJ,WW2,None,None,,Pistol,Cartridge
8x22mmNambuJHP,WW2,None,None,,Pistol,Cartridge
8x22mmNambuTracer,WW2,None,None,,Pistol,Cartridge
Cartridge8x50mmRFMJ,WildWest,None,None,,FullPower,Cartridge
Cartridge8x50mmRMBalle,WildWest,None,None,,FullPower,Cartridge
Cartridge8x50mmRIncendiary,WildWest,None,None,,FullPower,Cartridge
9x18mmCartridgeFMJ,WW2,None,None,,Pistol,Cartridge
9x18mmCartridgeJHP,WW2,None,None,,Pistol,Cartridge
9x18mmCartridgeTracer,WW2,None,None,,Pistol,Cartridge
9x19mmCartridge+PAPI,Modern,None,None,,Pistol,Cartridge
9x19mmCartridge+PFMJ,Modern,None,None,,Pistol,Cartridge
9x19mmCartridge+PJHP,Modern,None,None,,Pistol,Cartridge
9x19mmCartridgeFMJ,TurnOfTheCentury,None,None,,Pistol,Cartridge
9x19mmCartridgeJHP,TurnOfTheCentury,None,None,,Pistol,Cartridge
9x19mmCartridgeTracer,WW1,None,None,,Pistol,Cartridge
Cartridge9x23mmFMJ,TurnOfTheCentury,None,None,,Pistol,Cartridge
9x39mmCartridgeAP,PostWar,None,None,,Intermediate,Cartridge
9x39mmCartridgeFMJ,PostWar,None,None,,Intermediate,Cartridge
Cartridge_CompoundPistol,Futuristic,None,None,,Exotic,Cartridge
DarkMatterLemon,Futuristic,None,None,,Exotic,Cartridge
CartridgeGrappleBolt,Futuristic,None,None,,Shotgun,Cartridge
Cartridge_PlungerShell,Modern,None,None,,Ordnance,Cartridge
RemingtonRollingBlockNavy,WildWest,UnitedStatesOfAmerica,RollingBlock,BreachLoad,Pistol,Firearm
RollingBlockRifle,WildWest,UnitedStatesOfAmerica,RollingBlock,BreachLoad,FullPower,Firearm
RollingBlockRifleCreedmoor,WildWest,UnitedStatesOfAmerica,RollingBlock,BreachLoad,FullPower,Firearm
Sharps1874,WildWest,UnitedStatesOfAmerica,LeverAction,BreachLoad,FullPower,Firearm
BrownBess,Colonial,UnitedStatesOfAmerica,OpenBreach,BreachLoad,Pistol,Firearm
BrownBessRamrod,Colonial,None,OpenBreach,BreachLoad,Pistol,Firearm
HeavyFlintlock18thCentury,Colonial,UnitedStatesOfAmerica,OpenBreach,BreachLoad,Pistol,Firearm
HeavyFlintlock18thCenturyRamrod,Colonial,None,OpenBreach,BreachLoad,Pistol,Firearm
PaperCartridge69CalBall,Colonial,None,None,,Pistol,Cartridge
Shot69CalBall,Colonial,None,None,,Pistol,Cartridge
Cartridge105x35mmDutchFlechette,Modern,None,None,,AntiMaterial,Cartridge
Cartridge105x35mmDutchFMJ,Modern,None,None,,AntiMaterial,Cartridge
Cartridge105x35mmDutchInferno,Modern,None,None,,AntiMaterial,Cartridge
11mmMannchevski_FMJ,Modern,None,None,,Pistol,Cartridge
12x32Dingowhomper_Bushfire,Modern,None,None,,Pistol,Cartridge
12x32Dingowhomper_FMJ,Modern,None,None,,Pistol,Cartridge
12x32Dingowhomper_FunnelSpider,Modern,None,None,,Pistol,Cartridge
Cartridge13GaugeBleeder,Modern,None,None,,Shotgun,Cartridge
Cartridge13GaugeBlooper,Modern,None,None,,Shotgun,Cartridge
Cartridge13GaugeBuck,Modern,None,None,,Shotgun,Cartridge
Cartridge13GaugeMoonshot,Modern,None,None,,Shotgun,Cartridge
Cartridge13GaugeSlugger,Modern,None,None,,Shotgun,Cartridge
Cartridge_13x59mmOgden_FMJ,Modern,None,None,,AntiMaterial,Cartridge
Cartridge_13x59mmOgden_Frag,Modern,None,None,,AntiMaterial,Cartridge
Cartridge_13x59mmOgden_Slugger,Modern,None,None,,AntiMaterial,Cartridge
18x50mmPackawhallop_Barbie,Modern,None,None,,AntiMaterial,Cartridge
18x50mmPackawhallop_Drongo,Modern,None,None,,AntiMaterial,Cartridge
18x50mmPackawhallop_FMJ,Modern,None,None,,AntiMaterial,Cartridge
18x50mmPackawhallop_Gobsmacka,Modern,None,None,,AntiMaterial,Cartridge
2Gauge_TripleHit,Modern,None,None,,Shotgun,Cartridge
Cartridge366UltraMagnumDebuff,Modern,None,None,,Pistol,Cartridge
366UltraMagnumFMJ,Modern,None,None,,Pistol,Cartridge
Cartridge366UltraMagnumRetort,Modern,None,None,,Pistol,Cartridge
Cartridge366UltraMagnumSalute,Modern,None,None,,Pistol,Cartridge
42mmDemonade,Modern,None,None,,Ordnance,Cartridge
Cartridge50mmFlareClassic,Modern,None,None,,Shotgun,Cartridge
Cartridge50mmFlareConflagration,Modern,None,None,,Shotgun,Cartridge
Cartridge50mmFlareDangerClose,Modern,None,None,,Shotgun,Cartridge
Cartridge50mmFlareSunburn,Modern,None,None,,Shotgun,Cartridge
Cartridge_52AMP_FMJ,Modern,None,None,,Pistol,Cartridge
Cartridge_52AMP_JHP,Modern,None,None,,Pistol,Cartridge
5mmRivet_FMJ,Modern,None,None,,Pistol,Cartridge
6mmMannlecker_FMJ,Modern,None,None,,Intermediate,Cartridge
7Gauge_Buck,Modern,None,None,,Shotgun,Cartridge
7Gauge_Slug,Modern,None,None,,Shotgun,Cartridge
7Gauge_TripleHit,Modern,None,None,,Shotgun,Cartridge
Cartridge_RPGMF_Rocket_CannedMeat,None,None,None,,Ordnance,Cartridge
RPGMF_Classic,None,None,None,,Ordnance,Cartridge
Cartridge_RPGMF_Rocket_RocketPop,None,None,None,,Ordnance,Cartridge
Cartridge_RPGMF_Rocket_RockIt,None,None,None,,Ordnance,Cartridge
Cartridge_RPGMF_Rocket_ToTheMoon,None,None,None,,Ordnance,Cartridge
Cartridge_RPGMF_Rocket_WrongAmmo,None,None,None,,Ordnance,Cartridge
StickyShell,Modern,None,None,,Ordnance,Cartridge
StickyShellHighlandFling,Modern,None,None,,Ordnance,Cartridge
StickyShellRobbieBurns,Modern,None,None,,Ordnance,Cartridge
StickyShellRustyNail,Modern,None,None,,Ordnance,Cartridge
Syringe,Modern,None,None,,Exotic,Cartridge
Syringe_Bloodfire,Modern,None,None,,Exotic,Cartridge
Syringe_Knockout,Modern,None,None,,Exotic,Cartridge
Syringe_Rage,Modern,None,None,,Exotic,Cartridge
MF_AerialDenier,Modern,None,Automatic,BoxMag,AntiMaterial,Firearm
MF_AllRounder,Modern,None,Automatic,BoxMag+StripperClip,FullPower,Firearm
MF_Backfield,Modern,None,Automatic,BoxMag,Pistol,Firearm
MF_BigBoomer,Modern,None,Automatic,BreachLoad,Shotgun,Firearm
MF_BushrangersBoon,Modern,None,Automatic,BoxMag,Pistol,Firearm
MF_Duckhunter,Modern,None,Automatic,InternalMag,Shotgun,Firearm
MF_FireWalker,Modern,None,Automatic,BoxMag,FullPower,Firearm
MF_Flamethrower,Modern,None,Automatic,BoxMag,Fire,Firearm
MF_GrenadeLauncher,Modern,None,Automatic,BreachLoad,Ordnance,Firearm
MF_LongShot,Modern,None,Automatic,InternalMag,Ordnance,Firearm
MF_Medical180,Modern,None,Automatic,BoxMag,Pistol,Firearm
MF_Minigun,Modern,None,Automatic,BoxMag,Exotic,Firearm
MF_OlReliable,Modern,None,Automatic,InternalMag,Shotgun,Firearm
MF_PetiteLiasion,Modern,None,Automatic,BreachLoad,Pistol,Firearm
MF_Pistol,Modern,None,Automatic,BoxMag,Pistol,Firearm
MF_Revolver,Modern,None,Automatic,BreachLoad,Pistol,Firearm
MF_RocketLauncher,Modern,None,Automatic,InternalMag,Ordnance,Firearm
MF_Rosie,Modern,None,Automatic,BoxMag,FullPower,Firearm
MF_Scattergun,Modern,None,Automatic,InternalMag,Shotgun,Firearm
MF_Shotgun,Modern,None,Automatic,InternalMag,Shotgun,Firearm
MF_Signaler,Modern,None,BreakAction,BreachLoad,Ordnance,Firearm
MF_SnagSnager,Modern,None,Automatic,InternalMag,AntiMaterial,Firearm
MF_SniperRifle,Modern,None,Automatic,BreachLoad,AntiMaterial,Firearm
MF_SoundCheck,Modern,None,Automatic,BoxMag,Pistol,Firearm
MF_StickyLauncher,Modern,None,Automatic,InternalMag,Ordnance,Firearm
MF_Submachinegun,Modern,None,Automatic,BoxMag,Pistol,Firearm
MF_Syringegun,Modern,None,Automatic,BoxMag,Exotic,Firearm
MF_TheLastBit,Modern,None,Automatic,BreachLoad,AntiMaterial,Firearm
MF_AerialDenier_Magazine,Modern,None,None,,AntiMaterial,Magazine
MF_AllRounder_Magazine,Modern,None,None,,FullPower,Magazine
MF_Clip_AllRounder,Modern,None,None,,FullPower,Clip
MF_Clip_StickyShell,Modern,None,None,,Ordnance,Clip
MF_Firewalker_Magazine,Modern,None,None,,FullPower,Magazine
MF_Flamethrower_Fueltank,Modern,None,None,,Fire,Magazine
MF_Medical180_Magazine,Modern,None,None,,Exotic,Magazine
MF_Minigun_Magazine,Modern,None,None,,Intermediate,Magazine
MF_Pistol_Magazine,Modern,None,None,,Pistol,Magazine
MF_Pistol_Magazine_Extended,Modern,None,None,,Pistol,Magazine
MF_Rosie_Drum,Modern,None,None,,FullPower,Magazine
MF_Rosie_Magazine,Modern,None,None,,FullPower,Magazine
MF_SMG_Drum,Modern,None,None,,Pistol,Magazine
MF_SMG_Magazine,Modern,None,None,,Pistol,Magazine
MF_SoundCheck_Magazine,Modern,None,None,,Pistol,Magazine
MF_Syringegun_Magazine,Modern,None,None,,Exotic,Magazine
MagazineAPS,None,None,None,,Pistol,Magazine
MagazineBergmannNo510Rnd,None,None,None,,Pistol,Magazine
MagazineBergmannNo520Rnd,None,None,None,,Pistol,Magazine
MagazineBergmannSimplex,None,None,None,,Tiny,Magazine
MagazineBrowningHP,None,None,None,,Pistol,Magazine
MagazineC93Borchardt,None,None,None,,Pistol,Magazine
MagazineCyberHandgun,None,None,None,,Exotic,Magazine
MagazineCZ75Shadow,None,None,None,,Pistol,Magazine
MagazineDeaglov,Modern,None,None,,None,Magazine
MagazineDefender45,None,None,None,,Pistol,Magazine
MagazineDegle,None,None,None,,Exotic,Magazine
MagazineDesertEagle357,Modern,None,None,,None,Magazine
MagazineDeagle44,PostWar,None,None,,None,Magazine
MagazineDeagle50,PostWar,None,None,,None,Magazine
MagazineExplorer22,None,None,None,,Tiny,Magazine
MagazineF12,Modern,None,None,,None,Magazine
MagazineFiveSeven,None,None,None,,Intermediate,Magazine
MagazineFiveSeven30rnd,None,None,None,,Intermediate,Magazine
MagazineFrontierMosesB,None,None,None,,Exotic,Magazine
MagazineG17Standard,None,None,None,,Pistol,Magazine
MagazineG17Custom,None,None,None,,Pistol,Magazine
MagazineG17Drum,None,None,None,,Pistol,Magazine
MagazineG18Standard,None,None,None,,Pistol,Magazine
MagazineG19_19rnd,None,None,None,,Pistol,Magazine
MagazineG19_33rnd,None,None,None,,Pistol,Magazine
MagazineG22HighCapacity,None,None,None,,Pistol,Magazine
MagazineG22Standard,None,None,None,,Pistol,Magazine
MagazineGSh18,None,None,None,,Pistol,Magazine
MagazineJetfire950MOP,None,None,None,,Tiny,Magazine
MagazineJetfire950STD,None,None,None,,Tiny,Magazine
KuularuiskuDrum,None,None,None,,Tiny,Magazine
MagazineLilGreasy,None,None,None,,Pistol,Magazine
MagazineM1911Stamped,None,None,None,,Pistol,Magazine
MagazineM1911,None,None,None,,Pistol,Magazine
MagazineM1911Dillinger,None,None,None,,Pistol,Magazine
MagazineM1911Oversize,None,None,None,,Ordnance,Magazine
MagazineM1911Tactical,Modern,None,None,,Pistol,Magazine
MagazineM1911OG,None,None,None,,Pistol,Magazine
MagazineM93R,None,None,None,,Pistol,Magazine
MagazineM9A1,None,None,None,,Pistol,Magazine
MagazineM9A3,None,None,None,,Pistol,Magazine
MagazineMakarov,None,None,None,,Pistol,Magazine
MagazineMakarovDrum,None,None,None,,Pistol,Magazine
MagazineMakarovModern,None,None,None,,Pistol,Magazine
MagazineMatch22,None,None,None,,Tiny,Magazine
MagazineMauser10Rnd,None,None,None,,Pistol,Magazine
MagazineMauser20Rnd,None,None,None,,Pistol,Magazine
MagazineMauser30Rnd,None,None,None,,Pistol,Magazine
MagazineMauser40Rnd,None,None,None,,Pistol,Magazine
MagazineMax9,None,None,None,,Pistol,Magazine
MagazineMicroUzi20rnd,None,None,None,,Pistol,Magazine
MagazineMk22Mod0,None,None,None,,Pistol,Magazine
MagazineMK23,Modern,None,None,,None,Magazine
MagazineMk3,None,None,None,,Tiny,Magazine
MagazineMk4,None,None,None,,Tiny,Magazine
MagazineP08Luger,None,None,None,,Pistol,Magazine
MagazineP08LugerDrum,None,None,None,,Pistol,Magazine
MagazineP22,None,None,None,,Tiny,Magazine
MagazineP226,None,None,None,,Pistol,Magazine
MagazineP226Extended,None,None,None,,Pistol,Magazine
MagazineP250,None,None,None,,Pistol,Magazine
MagazineP38,None,None,None,,Pistol,Magazine
MagazineP5,None,None,None,,Pistol,Magazine
MagazinePL14,None,None,None,,Pistol,Magazine
MagazinePMR30,None,None,None,,Pistol,Magazine
MagazinePocket1906,None,None,None,,Tiny,Magazine
MagazinePocketHammer1903,None,None,None,,Pistol,Magazine
MagazinePPK,None,None,None,,Pistol,Magazine
MagazinePX4,Modern,None,None,,Pistol,Magazine
MagazineRuby,WW1,None,None,,Pistol,Magazine
MagazineSCX,None,None,None,,Intermediate,Magazine
MagazineST2111,Modern,None,None,,None,Magazine
MagazineTec9,None,None,None,,Pistol,Magazine
MagazineTT33,None,None,None,,Pistol,Magazine
MagazineUnionFrench,WW1,None,None,,Pistol,Magazine
MagazineUSP,Modern,None,None,,None,Magazine
MagazineUSP9mm,Modern,None,None,,None,Magazine
MagazineVP9,Modern,None,None,,None,Magazine
MagazineVZ64,None,None,None,,Pistol,Magazine
MagazineWebley1913,None,None,None,,Pistol,Magazine
MagazineWelrod,None,None,None,,Tiny,Magazine
BergmannNo5,TurnOfTheCentury,GermanEmpire,Automatic,BoxMag,Pistol,Firearm
BergmannNo5Carbine,TurnOfTheCentury,GermanEmpire,Automatic,BoxMag,Pistol,Firearm
BergmannSimplex,TurnOfTheCentury,GermanEmpire,Automatic,BoxMag,Tiny,Firearm
BrowningHP,WW2,KingdomOfBelgium,Automatic,BoxMag,Pistol,Firearm
C93Borchardt,TurnOfTheCentury,GermanEmpire,Automatic,BoxMag,Pistol,Firearm
C96Mauser,TurnOfTheCentury,GermanEmpire,Automatic,StripperClip,Pistol,Firearm
CyberHandgun,Futuristic,MuricanRemnants,Automatic,BoxMag,Exotic,Firearm
CZ75Shadow,Modern,CzechRepublic,Automatic,BoxMag,Pistol,Firearm
Deaglov,Modern,UnitedKingdom,Automatic,BoxMag,Tiny,Firearm
Defender45,Modern,UnitedStatesOfAmerica,Automatic,BoxMag,Pistol,Firearm
Degle,Modern,UnitedStatesOfAmerica,Automatic,BoxMag,Exotic,Firearm
DesertEagle44,PostWar,UnitedStatesOfAmerica,Automatic,BoxMag,Pistol,Firearm
DesertEagle50,Modern,UnitedStatesOfAmerica,Automatic,BoxMag,Pistol,Firearm
DesertEagle357,Modern,UnitedStatesOfAmerica,Automatic,BoxMag,Pistol,Firearm
Explorer22,Modern,UnitedStatesOfAmerica,Automatic,BoxMag,Tiny,Firearm
F12,Modern,Ukraine,Automatic,BoxMag,Pistol,Firearm
FiveSevenFDE,Modern,KingdomOfBelgium,Automatic,BoxMag,Pistol,Firearm
FrontierModelB,Futuristic,None,Automatic,BoxMag,Exotic,Firearm
G17,Modern,RepublicOfAustria,Automatic,BoxMag,Pistol,Firearm
G17Custom,Modern,RepublicOfAustria,Automatic,BoxMag,Pistol,Firearm
G19,Modern,RepublicOfAustria,Automatic,BoxMag,Pistol,Firearm
G22,Modern,RepublicOfAustria,Automatic,BoxMag,Pistol,Firearm
gl,Modern,UnitedStatesOfAmerica,Automatic,BoxMag,Pistol,Firearm
GSh18,Modern,RussianFederation,Automatic,BoxMag,Pistol,Firearm
Jetfire950MOP,PostWar,ItalianRepublic,Automatic,BoxMag,Tiny,Firearm
Jetfire950STD,PostWar,ItalianRepublic,Automatic,BoxMag,Tiny,Firearm
ll,Modern,UnitedStatesOfAmerica,Automatic,BoxMag,Pistol,Firearm
LugerLP08Artillery,WW1,GermanEmpire,Automatic,BoxMag,Pistol,Firearm
LugerP08,WW1,GermanEmpire,Automatic,BoxMag,Pistol,Firearm
M1911,WW1,UnitedStatesOfAmerica,Automatic,BoxMag,Pistol,Firearm
M1911Stamped,WW2,UnitedStatesOfAmerica,Automatic,BoxMag,Pistol,Firearm
M1911Classic,WW2,UnitedStatesOfAmerica,Automatic,BoxMag,Pistol,Firearm
M1911Dillinger,WW2,UnitedStatesOfAmerica,Automatic,BoxMag,Pistol,Firearm
M1911Gold,Modern,UnitedStatesOfAmerica,Automatic,BoxMag,Pistol,Firearm
M1911Longflop,Futuristic,UnitedStatesOfAmerica,Automatic,BoxMag,Pistol,Firearm
M1911Modern,PostWar,UnitedStatesOfAmerica,Automatic,BoxMag,Pistol,Firearm
M1911Operator,Modern,UnitedStatesOfAmerica,Automatic,BoxMag,Pistol,Firearm
M1911Oversize,Modern,UnitedStatesOfAmerica,Automatic,BoxMag,Ordnance,Firearm
M1911Tactical,Modern,UnitedStatesOfAmerica,Automatic,BoxMag,Pistol,Firearm
M1912,WW1,AustroHungarianEmpire,Automatic,StripperClip,Pistol,Firearm
M1912P16,WW1,AustroHungarianEmpire,Automatic,StripperClip,Pistol,Firearm
M9,PostWar,ItalianRepublic,Automatic,BoxMag,Pistol,Firearm
M92fs,PostWar,ItalianRepublic,Automatic,BoxMag,Pistol,Firearm
M9A1,Modern,ItalianRepublic,Automatic,BoxMag,Pistol,Firearm
M9A3,Modern,ItalianRepublic,Automatic,BoxMag,Pistol,Firearm
Makarov,PostWar,UnionOfSovietSocialistRepublics,Automatic,BoxMag,Pistol,Firearm
Match22,PostWar,UnitedStatesOfAmerica,Automatic,BoxMag,Tiny,Firearm
Max9,Modern,UnitedStatesOfAmerica,Automatic,BoxMag,Pistol,Firearm
Mk22Mod0,PostWar,UnitedStatesOfAmerica,Automatic,BoxMag,Pistol,Firearm
MK23,Modern,FederalRepublicOfGermany,Automatic,BoxMag,Pistol,Firearm
Mk3,Modern,UnitedStatesOfAmerica,Automatic,BoxMag,Tiny,Firearm
Mk4_Hunter,Modern,UnitedStatesOfAmerica,Automatic,BoxMag,Tiny,Firearm
Mk4_Whisper,Modern,UnitedStatesOfAmerica,Automatic,BoxMag,Tiny,Firearm
P22,Modern,FederalRepublicOfGermany,Automatic,BoxMag,Tiny,Firearm
P226,Modern,WestGermany,Automatic,BoxMag,Pistol,Firearm
P250,Modern,UnitedStatesOfAmerica,Automatic,BoxMag,Pistol,Firearm
P38,WW2,GermanReich,Automatic,BoxMag,Pistol,Firearm
P38Snub,WW2,GermanReich,Automatic,BoxMag,Pistol,Firearm
P5Compact,PostWar,WestGermany,Automatic,BoxMag,Pistol,Firearm
PL14,Modern,RussianFederation,Automatic,BoxMag,Pistol,Firearm
PMM,Modern,RussianFederation,Automatic,BoxMag,Pistol,Firearm
PMR30,Modern,UnitedStatesOfAmerica,Automatic,BoxMag,Pistol,Firearm
Pocket1906,TurnOfTheCentury,KingdomOfBelgium,Automatic,BoxMag,Tiny,Firearm
PocketHammer1903,TurnOfTheCentury,UnitedStatesOfAmerica,Automatic,BoxMag,Pistol,Firearm
PPK,WW2,GermanReich,Automatic,BoxMag,Pistol,Firearm
PX4Storm,Modern,ItalianRepublic,Automatic,BoxMag,Pistol,Firearm
Ruby,WW1,KingdomOfSpain,Automatic,BoxMag,Pistol,Firearm
ST2111,Modern,UnitedStatesOfAmerica,Automatic,BoxMag,Pistol,Firearm
Tec9,PostWar,UnitedStatesOfAmerica,Automatic,BoxMag,Pistol,Firearm
TT33,WW2,UnionOfSovietSocialistRepublics,Automatic,BoxMag,Pistol,Firearm
USPMatch,Modern,FederalRepublicOfGermany,Automatic,BoxMag,Pistol,Firearm
USPMatch9mm,Modern,FederalRepublicOfGermany,Automatic,BoxMag,Pistol,Firearm
USPTactical,Modern,FederalRepublicOfGermany,Automatic,BoxMag,Pistol,Firearm
UziPro,Modern,StateOfIsrael,Automatic,BoxMag,Pistol,Firearm
VP9,Modern,FederalRepublicOfGermany,Automatic,BoxMag,Pistol,Firearm
Webley1913,TurnOfTheCentury,UnitedKingdom,Automatic,BoxMag,Pistol,Firearm
WelrodMkIIa,WW2,UnitedKingdom,BoltAction,BoxMag,Tiny,Firearm
Contender4570,Modern,UnitedStatesOfAmerica,BreakAction,BreachLoad,Pistol,Firearm
IPSICK2011,Modern,UnitedStatesOfAmerica,BreakAction,BreachLoad,AntiMaterial,Firearm
TAThunderer,Modern,UnitedStatesOfAmerica,BreakAction,BreachLoad,AntiMaterial,Firearm
COP357,PostWar,UnitedStatesOfAmerica,BreakAction,InternalMag,Pistol,Firearm
DoubleDown,Modern,UnitedStatesOfAmerica,BreakAction,InternalMag,Pistol,Firearm
Model95,WildWest,UnitedStatesOfAmerica,BreakAction,InternalMag,Tiny,Firearm
PK1,Modern,UnitedStatesOfAmerica,BreakAction,InternalMag,Pistol,Firearm
VolcanicPistol,WildWest,UnitedStatesOfAmerica,LeverAction,InternalMag,Tiny,Firearm
APS,PostWar,UnionOfSovietSocialistRepublics,Automatic,BoxMag,Pistol,Firearm
ClericM9,Futuristic,UnitedKingdom,Automatic,BoxMag,Pistol,Firearm
CompoundPistol,Futuristic,None,Automatic,InternalMag,Exotic,Firearm
G18,PostWar,RepublicOfAustria,Automatic,BoxMag,Pistol,Firearm
G18C,Modern,RepublicOfAustria,Automatic,BoxMag,Pistol,Firearm
G22FullAutoMod,Modern,RepublicOfAustria,Automatic,BoxMag,Pistol,Firearm
Kuularuisku,Modern,RepublicOfFinland,Automatic,BoxMag,Tiny,Firearm
LilGreasy,PostWar,UnitedStatesOfAmerica,Automatic,BoxMag,Pistol,Firearm
M712Mauser,WW2,GermanReich,Automatic,BoxMag+StripperClip,Pistol,Firearm
M93R,PostWar,ItalianRepublic,Automatic,BoxMag,Pistol,Firearm
M93RA9,Futuristic,ItalianRepublic,Automatic,BoxMag,Pistol,Firearm
MicroUzi,PostWar,StateOfIsrael,Automatic,BoxMag,Pistol,Firearm
RayGun,Futuristic,None,Automatic,InternalMag,Exotic,Firearm
SCX,Futuristic,None,Automatic,BoxMag,Intermediate,Firearm
Tec9IllegalFullAutoMod,PostWar,UnitedStatesOfAmerica,Automatic,BoxMag,Pistol,Firearm
UnionFrench,WW1,FrenchThirdRepublic,Automatic,BoxMag,Tiny,Firearm
VZ64Skorpion,PostWar,Czechoslovakia,Automatic,BoxMag,Pistol,Firearm
B600,Futuristic,None,Revolver,BreachLoad,Exotic,Firearm
BFR,Modern,UnitedStatesOfAmerica,SingleActionRevolver,BreachLoad,Pistol,Firearm
Bodyguard38,Modern,UnitedStatesOfAmerica,Revolver,InternalMag,Pistol,Firearm
Bull454,Modern,FederativeRepublicOfBrazil,Revolver,BreachLoad,Pistol,Firearm
C1851Conversion,WildWest,UnitedStatesOfAmerica,SingleActionRevolver,BreachLoad,Pistol,Firearm
DardickCarbine,PostWar,UnitedStatesOfAmerica,Revolver,InternalMag,Pistol,Firearm
DardickRevolver,PostWar,UnitedStatesOfAmerica,Revolver,InternalMag,Pistol,Firearm
Detective Special 38,Modern,UnitedStatesOfAmerica,Revolver,InternalMag,Pistol,Firearm
FA83,PostWar,UnitedStatesOfAmerica,SingleActionRevolver,BreachLoad,Pistol,Firearm
Hawk357,PostWar,UnitedStatesOfAmerica,SingleActionRevolver,BreachLoad,Pistol,Firearm
Hunter44,Modern,UnitedStatesOfAmerica,Revolver,BreachLoad,Pistol,Firearm
LadiesPepperbox,WildWest,UnitedStatesOfAmerica,SingleActionRevolver,BreachLoad,Tiny,Firearm
LAPDModel2019,Futuristic,UnitedStatesOfAmerica,Revolver,BreachLoad,Exotic,Firearm
LC22r,Modern,UnitedStatesOfAmerica,Revolver,BreachLoad,Pistol,Firearm
M1879,WildWest,GermanEmpire,SingleActionRevolver,BreachLoad,Pistol,Firearm
M1895Nagant,TurnOfTheCentury,KingdomOfBelgium,SingleActionRevolver,BreachLoad,Pistol,Firearm
MP412REX,Modern,RussianFederation,Revolver,BreachLoad,Pistol,Firearm
OTS38,Modern,RussianFederation,Revolver,BreachLoad,Pistol,Firearm
Python,PostWar,UnitedStatesOfAmerica,Revolver,BreachLoad,Pistol,Firearm
R8,Modern,UnitedStatesOfAmerica,Revolver,BreachLoad,Pistol,Firearm
Rhino 20DS,Modern,ItalianRepublic,Revolver,BreachLoad,Pistol,Firearm
Rhino 40,Modern,ItalianRepublic,Revolver,BreachLoad,Pistol,Firearm
Rhino 50,Modern,ItalianRepublic,Revolver,BreachLoad,Pistol,Firearm
Rhino 60,Modern,ItalianRepublic,Revolver,BreachLoad,Pistol,Firearm
RS15,Futuristic,RussianFederation,Revolver,BreachLoad,Pistol,Firearm
SchofieldModel3,WildWest,UnitedStatesOfAmerica,SingleActionRevolver,BreachLoad,Pistol,Firearm
SingleActionArmy,WildWest,UnitedStatesOfAmerica,SingleActionRevolver,BreachLoad,Pistol,Firearm
SW29,PostWar,UnitedStatesOfAmerica,Revolver,BreachLoad,Pistol,Firearm
SW500,Modern,UnitedStatesOfAmerica,Revolver,BreachLoad,Pistol,Firearm
SW500Junior,Modern,UnitedStatesOfAmerica,Revolver,BreachLoad,Pistol,Firearm
SW629,Modern,UnitedStatesOfAmerica,Revolver,BreachLoad,Pistol,Firearm
SWModel10,TurnOfTheCentury,UnitedStatesOfAmerica,Revolver,BreachLoad,Pistol,Firearm
SWStealth,Modern,UnitedStatesOfAmerica,Revolver,BreachLoad,Pistol,Firearm
Unica6,Modern,ItalianRepublic,Revolver,BreachLoad,Pistol,Firearm
WebleyFosbery,TurnOfTheCentury,UnitedKingdom,Revolver,BreachLoad,Pistol,Firearm
WebleyRevolver,TurnOfTheCentury,UnitedKingdom,Revolver,BreachLoad,Pistol,Firearm
MagazineAK102,None,None,None,,None,Magazine
MagazineAK12,None,None,None,,None,Magazine
MagazineAK5c,None,None,None,,None,Magazine
MagazineAK74_10rnd,None,None,None,,None,Magazine
MagazineAK74_20rnd,None,None,None,,None,Magazine
MagazineAK74Drum,None,None,None,,None,Magazine
MagazineAK74N,None,None,None,,None,Magazine
MagazineAKM,None,None,None,,None,Magazine
MagazineAKMDrum,None,None,None,,None,Magazine
MagazineAKMGold,PostWar,None,None,,None,Magazine
MagazineAKMHeirloom,PostWar,None,None,,None,Magazine
MagazineAKMTactical10rnd,None,None,None,,None,Magazine
MagazineAKMTactical20rnd,None,None,None,,None,Magazine
MagazineAKMTactical,None,None,None,,None,Magazine
MagazineAKS74U,None,None,None,,None,Magazine
MagazineAKS74U2,None,None,None,,None,Magazine
MagazineAPC45,None,None,None,,None,Magazine
MagazineAPC9,None,None,None,,None,Magazine
MagazineAR10_20rnd,PostWar,None,None,,None,Magazine
MagazineAR1820rnd,None,None,None,,None,Magazine
MagazineAR1830rnd,None,None,None,,None,Magazine
MagazineAR1840rnd,None,None,None,,None,Magazine
MagazineASVal20Rnd,None,None,None,,Pistol,Magazine
MagazineAugA1,None,None,None,,None,Magazine
MagazineAugA3,None,None,None,,None,Magazine
MagazineAWM,None,None,None,,None,Magazine
MagazineBerthierCarbine,None,None,None,,None,Magazine
MagazineBren806,None,None,None,,None,Magazine
MagazineBren807,None,None,None,,None,Magazine
MagazineCommando552,None,None,None,,None,Magazine
MagazineCX4,None,None,None,,None,Magazine
MagazineDeLisleCarbine,WW2,None,None,,None,Magazine
MagazineDragonuv,None,None,None,,None,Magazine
MagazineEM2,None,None,None,,None,Magazine
MagazineEnbloc1891,None,None,None,,None,Magazine
MagazineEvo3,None,None,None,,None,Magazine
MagazineEvo315rnd,None,None,None,,None,Magazine
MagazineEvo350rnd,None,None,None,,None,Magazine
MagazineFal10rnd,PostWar,None,None,,None,Magazine
MagazineFal20rnd,PostWar,None,None,,None,Magazine
MagazineFal30rnd,PostWar,None,None,,None,Magazine
MagazineFamasF1,None,None,None,,None,Magazine
MagazineFRF2,PostWar,None,None,,None,Magazine
MagazineG11,None,None,None,,None,Magazine
MagazineG36Drum,None,None,None,,None,Magazine
MagazineG36Standard,None,None,None,,None,Magazine
MagazineG320rnd,PostWar,None,None,,None,Magazine
MagazineG3Drum,Modern,None,None,,None,Magazine
MagazineGalil,None,None,None,,None,Magazine
MagazineH416D60,None,None,None,,None,Magazine
MagazineH416PMAG,None,None,None,,None,Magazine
MagazineHecate2,None,None,None,,None,Magazine
MagazineHoneyBadger20rnds,None,None,None,,None,Magazine
MagazineHydeLightRifle,WW2,None,None,,None,Magazine
MagazineLeeEnfield,WW1,None,None,,None,Magazine
MagazineM107A1,None,None,None,,None,Magazine
MagazineM1420rnd,None,None,None,,None,Magazine
MagazineM1430rnd,None,None,None,,None,Magazine
MagazineM1600,None,None,None,,None,Magazine
MagazineM1600Drum,None,None,None,,None,Magazine
MagazineM1Carbine,None,None,None,,None,Magazine
MagazineM1Garand,None,None,None,,None,Magazine
MagazineM1Shorty1610rnd,None,None,None,,FullPower,Magazine
MagazineM200,None,None,None,,AntiMaterial,Magazine
MagazineM2Carbine,None,None,None,,None,Magazine
MagazineMadsenLAR10rnd,None,None,None,,None,Magazine
MagazineMadsenLAR20rnd,None,None,None,,None,Magazine
MagazineMadsenLAR30rnd,None,None,None,,None,Magazine
MagazineMAS4956,None,None,None,,None,Magazine
MagazineMini1410rnd,None,None,None,,None,Magazine
MagazineMini1430rnd,None,None,None,,None,Magazine
MagazineMini145rnd,None,None,None,,None,Magazine
MagazineMk17Mod020rnd,Modern,None,None,,None,Magazine
MagazineModel81,None,None,None,,None,Magazine
MagazineMRAD,None,None,None,,None,Magazine
MagazineNTW20,None,None,None,,None,Magazine
MagazineP76220rnd,Modern,None,None,,None,Magazine
MagazinePSG110rnd,PostWar,None,None,,None,Magazine
MagazinePSG120rnd,PostWar,None,None,,None,Magazine
MagazinePSG15rnd,PostWar,None,None,,None,Magazine
MagazineQBZ95,Modern,None,None,,None,Magazine
MagazineRPK,None,None,None,,None,Magazine
MagazineSako85,None,None,None,,None,Magazine
MagazineScout,None,None,None,,None,Magazine
MagazineSG550,None,None,None,,None,Magazine
MagazineSKSModern10rnd,None,None,None,,None,Magazine
MagazineSKSModern20rnd,None,None,None,,None,Magazine
MagazineSR3M30rnd,None,None,None,,Pistol,Magazine
MagazineStanag1,None,None,None,,None,Magazine
MagazineStanag100rnd,None,None,None,,None,Magazine
MagazineStanag10rnd,None,None,None,,None,Magazine
MagazineStanag2,None,None,None,,None,Magazine
MagazineStanag20rnd,None,None,None,,None,Magazine
MagazineStanag3,None,None,None,,None,Magazine
MagazineStanag5rnd,None,None,None,,None,Magazine
MagazineStanag60rnd,None,None,None,,None,Magazine
MagazineStanagDrum,None,None,None,,None,Magazine
MagazineStG44,None,None,None,,None,Magazine
MagazineStoner63AR,None,None,None,,None,Magazine
MagazineSV98,None,None,None,,None,Magazine
MagazineSVT40,None,None,None,,None,Magazine
MagazineTactical8400,None,None,None,,None,Magazine
MagazineTakedown102210rnd,None,None,None,,None,Magazine
MagazineTakedown102225rnd,None,None,None,,None,Magazine
MagazineUltimax,None,None,None,,None,Magazine
MagazineVSSVintorez10rnd,None,None,None,,Pistol,Magazine
MagazineVZ58_10Rnd,None,None,None,,None,Magazine
MagazineVZ58_20Rnd,None,None,None,,None,Magazine
MagazineVZ58_30Rnd,None,None,None,,None,Magazine
MagazineWA2000,PostWar,None,None,,None,Magazine
MagazineX25DrumMk17,Modern,None,None,,None,Magazine
MagazineXM500,None,None,None,,None,Magazine
AR50a,Modern,UnitedStatesOfAmerica,BoltAction,BreachLoad,AntiMaterial,Firearm
Hecate2,Modern,FrenchRepublic,BoltAction,BoxMag,AntiMaterial,Firearm
M107A1,Modern,UnitedStatesOfAmerica,Automatic,BoxMag,AntiMaterial,Firearm
NTW20,Modern,RepublicOfSouthAfrica,BoltAction,BoxMag,AntiMaterial,Firearm
TripleRegret,Modern,KingdomOfSweden,Revolver,BreachLoad,AntiMaterial,Firearm
Whizzbanger,Modern,FederalRepublicOfGermany,OpenBreach,BreachLoad,AntiMaterial,Firearm
XM500,Modern,UnitedStatesOfAmerica,Automatic,BoxMag,AntiMaterial,Firearm
AK101,Modern,RussianFederation,Automatic,BoxMag,Intermediate,Firearm
AK12,Modern,RussianFederation,Automatic,BoxMag,Intermediate,Firearm
AK12Prototype,Modern,RussianFederation,Automatic,BoxMag,Intermediate,Firearm
AK5c,Modern,KingdomOfSweden,Automatic,BoxMag,Intermediate,Firearm
AK74N,PostWar,UnionOfSovietSocialistRepublics,Automatic,BoxMag,Intermediate,Firearm
AKM,PostWar,UnionOfSovietSocialistRepublics,Automatic,BoxMag,Intermediate,Firearm
AKMTactical,Modern,RussianFederation,Automatic,BoxMag,Intermediate,Firearm
AR18,PostWar,UnitedStatesOfAmerica,Automatic,BoxMag,Intermediate,Firearm
ASVAL,PostWar,RussianFederation,Automatic,BoxMag,Intermediate,Firearm
Bren806,Modern,CzechRepublic,Automatic,BoxMag,Intermediate,Firearm
Bren807,Modern,CzechRepublic,Automatic,BoxMag,Intermediate,Firearm
EM2,PostWar,UnitedKingdom,Automatic,BoxMag,FullPower,Firearm
G11,PostWar,WestGermany,Automatic,BoxMag,Intermediate,Firearm
G11TacMod,Modern,WestGermany,Automatic,BoxMag,Intermediate,Firearm
G36,Modern,FederalRepublicOfGermany,Automatic,BoxMag,Intermediate,Firearm
H416,Modern,FederalRepublicOfGermany,Automatic,BoxMag,Intermediate,Firearm
IA2,Modern,FederativeRepublicOfBrazil,Automatic,BoxMag,Intermediate,Firearm
L85A2,Modern,UnitedKingdom,Automatic,BoxMag,Intermediate,Firearm
M16A1,PostWar,UnitedStatesOfAmerica,Automatic,BoxMag,Intermediate,Firearm
M16A4,Modern,UnitedStatesOfAmerica,Automatic,BoxMag,Intermediate,Firearm
M4A1v2Leftie,Modern,UnitedStatesOfAmerica,Automatic,BoxMag,Intermediate,Firearm
M4A1v2Rightie,Modern,UnitedStatesOfAmerica,Automatic,BoxMag,Intermediate,Firearm
QBZ95,Modern,PeoplesRepublicOfChina,Automatic,BoxMag,Intermediate,Firearm
RPK,PostWar,UnionOfSovietSocialistRepublics,Automatic,BoxMag,Intermediate,Firearm
Mk16Mod0,Modern,KingdomOfBelgium,Automatic,BoxMag,Intermediate,Firearm
SG550,Modern,SwissConfederation,Automatic,BoxMag,Intermediate,Firearm
SR3M,Modern,RussianFederation,Automatic,BoxMag,Intermediate,Firearm
StG44,WW2,GermanReich,Automatic,BoxMag,Intermediate,Firearm
Stoner63AR,PostWar,UnitedStatesOfAmerica,Automatic,BoxMag,Intermediate,Firearm
VSSVintorez,PostWar,UnionOfSovietSocialistRepublics,Automatic,BoxMag,Intermediate,Firearm
vz58Custom,Modern,CzechRepublic,Automatic,BoxMag+StripperClip,Intermediate,Firearm
vz58P,PostWar,Czechoslovakia,Automatic,BoxMag+StripperClip,Intermediate,Firearm
vz58V,PostWar,Czechoslovakia,Automatic,BoxMag+StripperClip,Intermediate,Firearm
AR10,PostWar,UnitedStatesOfAmerica,Automatic,BoxMag,FullPower,Firearm
Dragonuv,PostWar,UnionOfSovietSocialistRepublics,Automatic,InternalMag,FullPower,Firearm
Fal,PostWar,KingdomOfBelgium,Automatic,BoxMag,FullPower,Firearm
FalPara,PostWar,KingdomOfBelgium,Automatic,BoxMag,FullPower,Firearm
FaTactical,Modern,KingdomOfBelgium,Automatic,BoxMag,FullPower,Firearm
G3A3,PostWar,WestGermany,Automatic,BoxMag,FullPower,Firearm
G3SG1,PostWar,WestGermany,Automatic,BoxMag,FullPower,Firearm
GalilSAR,PostWar,StateOfIsrael,Automatic,BoxMag,FullPower,Firearm
H51A1,PostWar,UnitedStatesOfAmerica,Automatic,BoxMag,FullPower,Firearm
H51A2,PostWar,UnitedStatesOfAmerica,Automatic,BoxMag,FullPower,Firearm
H51A3,PostWar,UnitedStatesOfAmerica,Automatic,BoxMag,FullPower,Firearm
H51K,PostWar,UnitedStatesOfAmerica,Automatic,BoxMag,FullPower,Firearm
Johnson1941,WW2,UnitedStatesOfAmerica,Automatic,InternalMag+StripperClip,FullPower,Firearm
M14,PostWar,UnitedStatesOfAmerica,Automatic,BoxMag,FullPower,Firearm
M1Garand,WW2,UnitedStatesOfAmerica,Automatic,EnblocClip,FullPower,Firearm
MadsenLAR,PostWar,None,Automatic,BoxMag,FullPower,Firearm
MAS49/56,WW2,FrenchFourthRepublic,Automatic,BoxMag+StripperClip,FullPower,Firearm
Mk17,Modern,KingdomOfBelgium,Automatic,BoxMag,FullPower,Firearm
Mk17CQC,Modern,KingdomOfBelgium,Automatic,BoxMag,FullPower,Firearm
P762,Modern,UnitedStatesOfAmerica,Automatic,BoxMag,FullPower,Firearm
PSG1,PostWar,WestGermany,Automatic,BoxMag,FullPower,Firearm
SVT40,WW2,UnionOfSovietSocialistRepublics,Automatic,BoxMag+StripperClip,FullPower,Firearm
WA2000,PostWar,WestGermany,Automatic,BoxMag,FullPower,Firearm
AWM,Modern,UnitedKingdom,BoltAction,BoxMag,FullPower,Firearm
BerthierCarbine,WW1,FrenchThirdRepublic,BoltAction,EnblocClip,FullPower,Firearm
Carcano1891,TurnOfTheCentury,KingdomOfItaly,BoltAction,InternalMag+StripperClip,FullPower,Firearm
DeLisleCarbine,WW2,UnitedKingdom,BoltAction,BoxMag,Pistol,Firearm
FRF2,PostWar,FrenchRepublic,BoltAction,BoxMag,FullPower,Firearm
K98k,WW2,GermanReich,BoltAction,InternalMag+StripperClip,FullPower,Firearm
LeeEnfieldJungleCarbine,WW2,UnitedKingdom,BoltAction,BoxMag+StripperClip,FullPower,Firearm
LeeEnfieldNo4Mk1,WW2,UnitedKingdom,BoltAction,BoxMag+StripperClip,FullPower,Firearm
LeeEnfieldObrez,WW2,UnitedKingdom,BoltAction,BoxMag+StripperClip,FullPower,Firearm
LeeEnfieldSwedeMod,WW2,KingdomOfSweden,BoltAction,BoxMag+StripperClip,FullPower,Firearm
M200,Modern,UnitedStatesOfAmerica,BoltAction,BoxMag,AntiMaterial,Firearm
M40A1,PostWar,UnitedStatesOfAmerica,BoltAction,InternalMag,FullPower,Firearm
Model70,Modern,UnitedStatesOfAmerica,BoltAction,InternalMag+StripperClip,FullPower,Firearm
Mosin91_30,WW2,UnionOfSovietSocialistRepublics,BoltAction,InternalMag+StripperClip,FullPower,Firearm
MosinM1891,TurnOfTheCentury,UnionOfSovietSocialistRepublics,BoltAction,InternalMag+StripperClip,FullPower,Firearm
MosinM38,WW2,UnionOfSovietSocialistRepublics,BoltAction,InternalMag+StripperClip,FullPower,Firearm
MosinMini,Modern,UnionOfSovietSocialistRepublics,BoltAction,InternalMag,Tiny,Firearm
MosinObrez,TurnOfTheCentury,UnionOfSovietSocialistRepublics,BoltAction,InternalMag+StripperClip,FullPower,Firearm
MRAD,Modern,UnitedStatesOfAmerica,BoltAction,BoxMag,FullPower,Firearm
Sako85,Modern,RepublicOfFinland,BoltAction,BoxMag,FullPower,Firearm
Sako85Obrez,Modern,RepublicOfFinland,BoltAction,BoxMag,FullPower,Firearm
Scout,Modern,RepublicOfAustria,BoltAction,BoxMag,FullPower,Firearm
Springfield1903,TurnOfTheCentury,UnitedStatesOfAmerica,BoltAction,InternalMag+StripperClip,FullPower,Firearm
SV98,Modern,RussianFederation,BoltAction,BoxMag,FullPower,Firearm
Tactical8400Shorty,Modern,UnitedStatesOfAmerica,BoltAction,BoxMag,FullPower,Firearm
Tactical8400SuperShorty,Modern,UnitedStatesOfAmerica,BoltAction,BoxMag,FullPower,Firearm
TankGewehr,WW1,GermanEmpire,BoltAction,BreachLoad,AntiMaterial,Firearm
AKS74U,PostWar,UnionOfSovietSocialistRepublics,Automatic,BoxMag,Intermediate,Firearm
AKS74UTactical,Modern,RussianFederation,Automatic,BoxMag,Intermediate,Firearm
APC45,Modern,SwissConfederation,Automatic,BoxMag,Pistol,Firearm
APC9,Modern,SwissConfederation,Automatic,BoxMag,Pistol,Firearm
AR15SBR,Modern,UnitedStatesOfAmerica,Automatic,BoxMag,Intermediate,Firearm
AR180,PostWar,UnitedStatesOfAmerica,Automatic,BoxMag,Intermediate,Firearm
AR18c,PostWar,UnitedStatesOfAmerica,Automatic,BoxMag,Intermediate,Firearm
AR18p,PostWar,UnitedStatesOfAmerica,Automatic,BoxMag,Intermediate,Firearm
AugA1,PostWar,RepublicOfAustria,Automatic,BoxMag,Intermediate,Firearm
AugA3,Modern,RepublicOfAustria,Automatic,BoxMag,Intermediate,Firearm
Bubba15,Modern,UnitedStatesOfAmerica,Automatic,BoxMag,Intermediate,Firearm
Commando552,Modern,SwissConfederation,Automatic,BoxMag,Intermediate,Firearm
Commando552Tactical,Modern,SwissConfederation,Automatic,BoxMag,Intermediate,Firearm
CX4,Modern,ItalianRepublic,Automatic,BoxMag,Pistol,Firearm
DracoAk,Modern,UnitedStatesOfAmerica,Automatic,BoxMag,Intermediate,Firearm
Evo3,Modern,CzechRepublic,Automatic,BoxMag,Pistol,Firearm
FamasF1,PostWar,FrenchRepublic,Automatic,BoxMag,Intermediate,Firearm
FamasG2,Modern,FrenchRepublic,Automatic,BoxMag,Intermediate,Firearm
G36C,Modern,FederalRepublicOfGermany,Automatic,BoxMag,Intermediate,Firearm
HoneyBadger,Modern,UnitedStatesOfAmerica,Automatic,BoxMag,Intermediate,Firearm
HydeLightRifle,WW2,UnitedStatesOfAmerica,Automatic,BoxMag,Intermediate,Firearm
KalishniLuger,Modern,FederalRepublicOfGermany,Automatic,BoxMag,Pistol,Firearm
Luger1902Carbine,TurnOfTheCentury,GermanEmpire,Automatic,BoxMag,Pistol,Firearm
M1600,Modern,None,Automatic,BoxMag,Tiny,Firearm
M1600A3000,Modern,None,Automatic,BoxMag,Tiny,Firearm
M1Carbine,WW2,UnitedStatesOfAmerica,Automatic,BoxMag,Intermediate,Firearm
M1Shorty16,Modern,UnitedStatesOfAmerica,Automatic,BoxMag,FullPower,Firearm
M2Carbine,WW2,UnitedStatesOfAmerica,Automatic,BoxMag,Intermediate,Firearm
M4A1Classic,Modern,UnitedStatesOfAmerica,Automatic,BoxMag,Intermediate,Firearm
M4A1Shorty,Modern,UnitedStatesOfAmerica,Automatic,BoxMag,Intermediate,Firearm
Malyuk,Modern,Ukraine,Automatic,BoxMag,Intermediate,Firearm
MauserAssaultCarbine,Modern,KingdomOfSweden,Automatic,BoxMag,Pistol,Firearm
MauserTrenchCarbine,TurnOfTheCentury,GermanEmpire,Automatic,BoxMag+StripperClip,Pistol,Firearm
Mini14Classic,PostWar,UnitedStatesOfAmerica,Automatic,BoxMag,Intermediate,Firearm
Mini14GB,PostWar,UnitedStatesOfAmerica,Automatic,BoxMag,Intermediate,Firearm
Mk18,Modern,UnitedStatesOfAmerica,Automatic,BoxMag,Intermediate,Firearm
Model8,TurnOfTheCentury,UnitedStatesOfAmerica,Automatic,InternalMag+StripperClip,FullPower,Firearm
Model81,WW1,UnitedStatesOfAmerica,Automatic,BoxMag+StripperClip,FullPower,Firearm
MX4,Modern,ItalianRepublic,Automatic,BoxMag,Pistol,Firearm
Phantom9,Modern,UnitedStatesOfAmerica,Automatic,BoxMag,Pistol,Firearm
Quackenbush1886,WildWest,UnitedStatesOfAmerica,BreakAction,BreachLoad,Tiny,Firearm
SCRPistol,Modern,UnitedStatesOfAmerica,Automatic,BoxMag,Intermediate,Firearm
SKSClassic,PostWar,UnionOfSovietSocialistRepublics,Automatic,InternalMag+StripperClip,Intermediate,Firearm
SKSModern,Modern,RussianFederation,Automatic,BoxMag+StripperClip,Intermediate,Firearm
SportACR,Modern,UnitedStatesOfAmerica,Automatic,BoxMag,Intermediate,Firearm
Takedown1022,Modern,UnitedStatesOfAmerica,Automatic,BoxMag,Tiny,Firearm
Vector45Carbine,Modern,UnitedStatesOfAmerica,Automatic,BoxMag,Pistol,Firearm
vz58Compact,Modern,CzechRepublic,Automatic,BoxMag+StripperClip,Intermediate,Firearm
vz58Sport,Modern,Czechoslovakia,Automatic,BoxMag+StripperClip,Intermediate,Firearm
1860Rifle,WildWest,UnitedStatesOfAmerica,LeverAction,InternalMag,Pistol,Firearm
1873Carbine,WildWest,UnitedStatesOfAmerica,LeverAction,InternalMag,Pistol,Firearm
1873Chopshop,WildWest,UnitedStatesOfAmerica,LeverAction,InternalMag,Pistol,Firearm
1873Rifle,WildWest,UnitedStatesOfAmerica,LeverAction,InternalMag,Pistol,Firearm
1894Rifle,WildWest,UnitedStatesOfAmerica,LeverAction,InternalMag,Pistol,Firearm
RioBigBore,Modern,FederativeRepublicOfBrazil,LeverAction,InternalMag,Pistol,Firearm
RioBigBoreSalvaged,Modern,FederativeRepublicOfBrazil,LeverAction,InternalMag,Pistol,Firearm
MagazineAA12,Modern,None,None,,Shotgun,Magazine
MagazineAA12Drum,Modern,None,None,,Shotgun,Magazine
MagazineCAWS10Rnd,Modern,None,None,,Shotgun,Magazine
MagazineCAWS20Rnd,Modern,None,None,,Shotgun,Magazine
MagazineCQB87012Rnd,Modern,None,None,,Shotgun,Magazine
MagazineCQB8706Rnd,Modern,None,None,,Shotgun,Magazine
MagazineKWG,Futuristic,None,None,,Shotgun,Magazine
MagazineMag7,Modern,RepublicOfSouthAfrica,None,,Shotgun,Magazine
MagazineMk1210rnd,Modern,None,None,,Shotgun,Magazine
MagazineMk125rnd,Modern,None,None,,Shotgun,Magazine
MagazineMP155k,Modern,None,None,,Shotgun,Magazine
MagazineMP203,Modern,None,None,,Shotgun,Magazine
MagazineSaiga12k12rnd,Modern,None,None,,Shotgun,Magazine
MagazineSaiga12k20rnd,Modern,None,None,,Shotgun,Magazine
MagazineSaiga12k5rnd,Modern,None,None,,Shotgun,Magazine
MagazineScalpelLE,None,None,None,,None,Magazine
MagazineToz106,None,None,None,,Shotgun,Magazine
MagazineUSAS10rnd,Modern,None,None,,Shotgun,Magazine
MagazineUSAS20rndDrum,Modern,None,None,,Shotgun,Magazine
BreakActionShorty,WW2,UnitedStatesOfAmerica,BreakAction,BreachLoad,Shotgun,Firearm
BreakActionSuperShorty,Modern,UnitedStatesOfAmerica,BreakAction,BreachLoad,Shotgun,Firearm
BreakActionTheOG,Modern,UnitedStatesOfAmerica,BreakAction,BreachLoad,Exotic,Firearm
DoubleBarrel1882,WildWest,UnitedStatesOfAmerica,BreakAction,BreachLoad,Shotgun,Firearm
DT11,Modern,ItalianRepublic,BreakAction,BreachLoad,Shotgun,Firearm
DT11ChopShop,Modern,ItalianRepublic,BreakAction,BreachLoad,Shotgun,Firearm
DT11Shorty,Modern,ItalianRepublic,BreakAction,BreachLoad,Shotgun,Firearm
Flaregun,PostWar,UnitedStatesOfAmerica,BreakAction,BreachLoad,Exotic,Firearm
FlaregunHighPressure,PostWar,UnitedStatesOfAmerica,BreakAction,BreachLoad,Shotgun,Firearm
FourLetterWord,Modern,KingdomOfSweden,BreakAction,BreachLoad,Shotgun,Firearm
HammerlessLong,WW2,UnitedStatesOfAmerica,BreakAction,BreachLoad,Shotgun,Firearm
IZh18_12g,PostWar,UnionOfSovietSocialistRepublics,BreakAction,BreachLoad,Shotgun,Firearm
IZh18_12g_Short,PostWar,UnionOfSovietSocialistRepublics,BreakAction,BreachLoad,Shotgun,Firearm
IZh18_20g,PostWar,UnionOfSovietSocialistRepublics,BreakAction,BreachLoad,Shotgun,Firearm
MTs255,Modern,RussianFederation,Revolver,BreachLoad,Shotgun,Firearm
MTs255Shorty,Modern,RussianFederation,Revolver,BreachLoad,Shotgun,Firearm
ThrowbackSingleshot12g,Modern,UnitedStatesOfAmerica,BreakAction,BreachLoad,Shotgun,Firearm
ThrowbackSingleshot20g,Modern,UnitedStatesOfAmerica,BreakAction,BreachLoad,Shotgun,Firearm
Toz63,PostWar,UnionOfSovietSocialistRepublics,BreakAction,BreachLoad,Shotgun,Firearm
Wells1864,WildWest,UnitedStatesOfAmerica,BreakAction,BreachLoad,Shotgun,Firearm
1887Shorty,WildWest,UnitedStatesOfAmerica,LeverAction,InternalMag,Shotgun,Firearm
1887FullLength,WildWest,UnitedStatesOfAmerica,LeverAction,InternalMag,Shotgun,Firearm
1887ShortyT2,Modern,UnitedStatesOfAmerica,LeverAction,InternalMag,Shotgun,Firearm
MartiniHenry,WildWest,UnitedKingdom,LeverAction,BreachLoad,FullPower,Firearm
AA12,Modern,UnitedStatesOfAmerica,Automatic,BoxMag,Shotgun,Firearm
CAWS,PostWar,WestGermany,Automatic,BoxMag,Shotgun,Firearm
CAWS_TacMod,Modern,WestGermany,Automatic,BoxMag,Shotgun,Firearm
Jackhammer,Modern,UnitedStatesOfAmerica,Revolver,BoxMag,Shotgun,Firearm
KWG1,Modern,RussianFederation,Automatic,BoxMag,Shotgun,Firearm
Mag7,Modern,RepublicOfSouthAfrica,PumpAction,BoxMag,Shotgun,Firearm
MK12,Modern,None,Automatic,BoxMag,Shotgun,Firearm
MP155k,Modern,RussianFederation,Automatic,BoxMag,Shotgun,Firearm
MP203,Futuristic,RussianFederation,Automatic,BoxMag,Shotgun,Firearm
P6Twelve,Modern,UnitedStatesOfAmerica,Revolver,BoxMag,Shotgun,Firearm
Saiga12k,Modern,RussianFederation,Automatic,BoxMag,Shotgun,Firearm
ScalpelLE,Futuristic,UnitedStatesOfAmerica,Automatic,BoxMag,Shotgun,Firearm
Toz106,Modern,RussianFederation,BoltAction,BoxMag,Shotgun,Firearm
USAS12,PostWar,RepublicOfKorea,Automatic,BoxMag,Shotgun,Firearm
Auto5,TurnOfTheCentury,UnitedStatesOfAmerica,Automatic,InternalMag,Shotgun,Firearm
BFB,Modern,UnitedStatesOfAmerica,Automatic,InternalMag,Shotgun,Firearm
CQB870,Modern,UnitedStatesOfAmerica,PumpAction,BoxMag,Shotgun,Firearm
Express870,Modern,UnitedStatesOfAmerica,PumpAction,InternalMag,Shotgun,Firearm
Hammerless520,TurnOfTheCentury,UnitedStatesOfAmerica,PumpAction,InternalMag,Shotgun,Firearm
Hammerless520Short,TurnOfTheCentury,UnitedStatesOfAmerica,PumpAction,InternalMag,Shotgun,Firearm
KS23,Modern,UnionOfSovietSocialistRepublics,PumpAction,InternalMag,Shotgun,Firearm
KSG,Modern,UnitedStatesOfAmerica,PumpAction,InternalMag,Shotgun,Firearm
M1014,Modern,ItalianRepublic,Automatic,InternalMag,Shotgun,Firearm
M1897Trench,TurnOfTheCentury,UnitedStatesOfAmerica,PumpAction,InternalMag,Shotgun,Firearm
M2Tactical,Modern,ItalianRepublic,Automatic,InternalMag,Shotgun,Firearm
M2ThreeGun,Modern,ItalianRepublic,Automatic,InternalMag,Shotgun,Firearm
MarshallUltrashort,Modern,ItalianRepublic,PumpAction,InternalMag,Shotgun,Firearm
MB500Chopped,PostWar,UnitedStatesOfAmerica,PumpAction,InternalMag,Shotgun,Firearm
MB500Long,PostWar,UnitedStatesOfAmerica,PumpAction,InternalMag,Shotgun,Firearm
MB500Shorty,PostWar,UnitedStatesOfAmerica,PumpAction,InternalMag,Shotgun,Firearm
MB590A1,Modern,UnitedStatesOfAmerica,PumpAction,InternalMag,Shotgun,Firearm
MCS870,Modern,UnitedStatesOfAmerica,PumpAction,InternalMag,Shotgun,Firearm
SjogrenInertial,TurnOfTheCentury,UnitedKingdomsOfSwedenAndNorway,Automatic,InternalMag,Shotgun,Firearm
SjogrenShorty,TurnOfTheCentury,UnitedKingdomsOfSwedenAndNorway,Automatic,InternalMag,Shotgun,Firearm
SPAS12,PostWar,ItalianRepublic,Automatic,InternalMag,Shotgun,Firearm
SPAS12Tactical,Modern,ItalianRepublic,Automatic,InternalMag,Shotgun,Firearm
SuperShorty,Modern,UnitedStatesOfAmerica,PumpAction,InternalMag,Shotgun,Firearm
SuperShortyTactical,Modern,UnitedStatesOfAmerica,PumpAction,InternalMag,Shotgun,Firearm
T14Custom,Modern,UnitedStatesOfAmerica,PumpAction,InternalMag,Shotgun,Firearm
VT13Shorty,Modern,UnitedStatesOfAmerica,Automatic,InternalMag,Shotgun,Firearm
WorstShotgunEverMade,PostWar,UnitedStatesOfAmerica,Automatic,BreachLoad,Shotgun,Firearm
MagazineAEK919k,None,None,None,,None,Magazine
MagazineAgram2000_15rnd,None,None,None,,None,Magazine
MagazineAgram2000_32rnd,None,None,None,,None,Magazine
MagazineAmerican180,None,None,None,,None,Magazine
MagazineAmerican90,None,None,None,,None,Magazine
MagazineBlyskawica,None,None,None,,None,Magazine
MagazineCobrayM119_16rnd,None,None,None,,None,Magazine
MagazineCobrayM119_32rnd,None,None,None,,None,Magazine
MagazineCobrayM119_72rnd,None,None,None,,None,Magazine
MagazineGepard20rnd,None,None,None,,None,Magazine
MagazineGepard40rnd,None,None,None,,None,Magazine
MagazineK50M,None,None,None,,None,Magazine
MagazineKP31,None,None,None,,None,Magazine
MagazineM3Greasegun,None,None,None,,None,Magazine
MagazineMac10,None,None,None,,None,Magazine
MagazineMac11,None,None,None,,None,Magazine
MagazineModel38_10rnd,None,None,None,,None,Magazine
MagazineModel38_20rnd,None,None,None,,None,Magazine
MagazineModel38_30rnd,None,None,None,,None,Magazine
MagazineMP18,None,None,None,,Pistol,Magazine
MagazineMP18Drum,None,None,None,,Pistol,Magazine
MagazineMP34,None,None,None,,None,Magazine
MagazineMP40,None,None,None,,None,Magazine
MagazineMp510_30rndStraight,None,None,None,,None,Magazine
MagazineMp540_30rndStraight,None,None,None,,None,Magazine
MagazineMp5100rnd,None,None,None,,None,Magazine
MagazineMp515rnd,None,None,None,,None,Magazine
MagazineMp515rndStraight,None,None,None,,None,Magazine
MagazineMp530rnd,None,None,None,,None,Magazine
MagazineMp530rndStraight,None,None,None,,None,Magazine
MagazineMp7,None,None,None,,None,Magazine
MagazineMp9,None,None,None,,None,Magazine
MagazineMPK,None,None,None,,None,Magazine
MagazineP90,None,None,None,,None,Magazine
MagazinePP19Vityaz30rnd,None,None,None,,None,Magazine
MagazinePP19Vityaz50rnd,None,None,None,,None,Magazine
MagazinePP2000,None,None,None,,None,Magazine
MagazinePP91,None,None,None,,None,Magazine
MagazinePPBizon,None,None,None,,None,Magazine
MagazinePPSH41,None,None,None,,None,Magazine
MagazinePPSH41Drum,None,None,None,,None,Magazine
MagazinePPSH41TechDrum,None,None,None,,None,Magazine
MagazineQC9Drum,None,None,None,,None,Magazine
MagazineQC9Standard,None,None,None,,None,Magazine
MagazineQC9Waffle,None,None,None,,None,Magazine
MagazineSpectreM4,None,None,None,,Pistol,Magazine
MagazineStenMk2,WW2,None,None,,None,Magazine
MagazineStenMk2_16rnd,WW2,None,None,,None,Magazine
MagazineThompson30Carbine,WW2,None,None,,None,Magazine
MagazineThompson30rnd,None,None,None,,None,Magazine
MagazineThompsonDrum100,None,None,None,,None,Magazine
MagazineThompsonDrum50,None,None,None,,None,Magazine
MagazineThompsonMk2,None,None,None,,None,Magazine
MagazineTomacuziDrum,None,None,None,,None,Magazine
MagazineType100,WW2,None,None,,None,Magazine
MagazineUMP45,None,None,None,,None,Magazine
MagazineUMP9,None,None,None,,None,Magazine
MagazineMicroUzi32rnd,None,None,None,,Pistol,Magazine
MagazineUzi72rndDrum,None,None,None,,Pistol,Magazine
MagazineUziNano,None,None,None,,Pistol,Magazine
MagazineVector45,None,None,None,,None,Magazine
MagazineViperMk1,WW2,None,None,,None,Magazine
Mp7a1,Modern,FederalRepublicOfGermany,Automatic,BoxMag,Pistol,Firearm
Mp7HL,Modern,FederalRepublicOfGermany,Automatic,BoxMag,Pistol,Firearm
P90,Modern,KingdomOfBelgium,Automatic,BoxMag,Pistol,Firearm
PP2000,Modern,RussianFederation,Automatic,BoxMag,Pistol,Firearm
PP91KEDR,Modern,RussianFederation,Automatic,BoxMag,Pistol,Firearm
QC9,Modern,UnitedStatesOfAmerica,Automatic,BoxMag,Pistol,Firearm
AEK919k,Modern,RussianFederation,Automatic,BoxMag,Pistol,Firearm
Agram2000,Modern,RepublicOfCroatia,Automatic,BoxMag,FullPower,Firearm
American180,PostWar,UnitedStatesOfAmerica,Automatic,BoxMag,Tiny,Firearm
American90,Modern,KingdomOfSweden,Automatic,BoxMag,Tiny,Firearm
Blyskawica,WW2,GovernmentOfTheRepublicOfPolandInExile,Automatic,BoxMag,Pistol,Firearm
CobrayM11_9,Modern,UnitedStatesOfAmerica,Automatic,BoxMag,Pistol,Firearm
Gepard,PostWar,RussianFederation,Automatic,BoxMag,Pistol,Firearm
K50M,PostWar,DemocraticRepublicOfVietnam,Automatic,BoxMag,Pistol,Firearm
KP31,WW2,RepublicOfFinland,Automatic,BoxMag,Pistol,Firearm
M3Greasegun,WW2,UnitedStatesOfAmerica,Automatic,BoxMag,Pistol,Firearm
M3GreasegunSuppressed,WW2,UnitedStatesOfAmerica,Automatic,BoxMag,Pistol,Firearm
Mac10,PostWar,UnitedStatesOfAmerica,Automatic,BoxMag,Pistol,Firearm
Mac11,PostWar,UnitedStatesOfAmerica,Automatic,BoxMag,Pistol,Firearm
Model38,WW2,KingdomOfItaly,Automatic,BoxMag,Pistol,Firearm
MP18,WW1,GermanEmpire,Automatic,BoxMag,Pistol,Firearm
MP34,WW2,RepublicOfAustria,Automatic,BoxMag,Pistol,Firearm
MP40,WW2,GermanReich,Automatic,BoxMag,Pistol,Firearm
MP510A4,PostWar,FederalRepublicOfGermany,Automatic,BoxMag,Pistol,Firearm
MP510A5,PostWar,FederalRepublicOfGermany,Automatic,BoxMag,Pistol,Firearm
MP540A4,PostWar,FederalRepublicOfGermany,Automatic,BoxMag,Pistol,Firearm
MP540A5,PostWar,FederalRepublicOfGermany,Automatic,BoxMag,Pistol,Firearm
MP5A1,PostWar,FederalRepublicOfGermany,Automatic,BoxMag,Pistol,Firearm
MP5A2,PostWar,FederalRepublicOfGermany,Automatic,BoxMag,Pistol,Firearm
MP5A3,PostWar,FederalRepublicOfGermany,Automatic,BoxMag,Pistol,Firearm
MP5A4,PostWar,FederalRepublicOfGermany,Automatic,BoxMag,Pistol,Firearm
MP5A5,PostWar,FederalRepublicOfGermany,Automatic,BoxMag,Pistol,Firearm
MP5K,PostWar,FederalRepublicOfGermany,Automatic,BoxMag,Pistol,Firearm
MP5KA2,PostWar,FederalRepublicOfGermany,Automatic,BoxMag,Pistol,Firearm
MP5KA3,PostWar,FederalRepublicOfGermany,Automatic,BoxMag,Pistol,Firearm
MP5KA4,PostWar,FederalRepublicOfGermany,Automatic,BoxMag,Pistol,Firearm
MP5KN,PostWar,FederalRepublicOfGermany,Automatic,BoxMag,Pistol,Firearm
MP5KPDW,PostWar,FederalRepublicOfGermany,Automatic,BoxMag,Pistol,Firearm
MP5SD1,PostWar,FederalRepublicOfGermany,Automatic,BoxMag,Pistol,Firearm
MP5SD2,PostWar,FederalRepublicOfGermany,Automatic,BoxMag,Pistol,Firearm
MP5SD3,PostWar,FederalRepublicOfGermany,Automatic,BoxMag,Pistol,Firearm
MP5SD4,PostWar,FederalRepublicOfGermany,Automatic,BoxMag,Pistol,Firearm
MP5SD5,PostWar,FederalRepublicOfGermany,Automatic,BoxMag,Pistol,Firearm
MP5SD6,PostWar,FederalRepublicOfGermany,Automatic,BoxMag,Pistol,Firearm
MP5SFA2,PostWar,FederalRepublicOfGermany,Automatic,BoxMag,Pistol,Firearm
MP5SFA3,PostWar,FederalRepublicOfGermany,Automatic,BoxMag,Pistol,Firearm
MP5WoodFurniture,PostWar,FederalRepublicOfGermany,Automatic,BoxMag,Pistol,Firearm
SP5K,Modern,FederalRepublicOfGermany,Automatic,BoxMag,Pistol,Firearm
SP5KA2,Modern,FederalRepublicOfGermany,Automatic,BoxMag,Pistol,Firearm
SP5KA3,Modern,FederalRepublicOfGermany,Automatic,BoxMag,Pistol,Firearm
SP5KFolding,Modern,FederalRepublicOfGermany,Automatic,BoxMag,Pistol,Firearm
Mp9,Modern,SwissConfederation,Automatic,BoxMag,Pistol,Firearm
MPK,PostWar,WestGermany,Automatic,BoxMag,Pistol,Firearm
PP19Vityaz,Modern,RussianFederation,Automatic,BoxMag,Pistol,Firearm
PPBizon,PostWar,RussianFederation,Automatic,BoxMag,Pistol,Firearm
PPSh41,WW2,UnionOfSovietSocialistRepublics,Automatic,BoxMag,Pistol,Firearm
PPSh41Modern,Modern,RussianFederation,Automatic,BoxMag,Pistol,Firearm
SpectreM4,PostWar,ItalianRepublic,Automatic,BoxMag,Pistol,Firearm
StenMk2,WW2,UnitedKingdom,Automatic,BoxMag,Pistol,Firearm
StenMk5,WW2,UnitedKingdom,Automatic,BoxMag,Pistol,Firearm
StenMk6,WW2,UnitedKingdom,Automatic,BoxMag,Pistol,Firearm
StenMk9,WW2,UnitedKingdom,Automatic,BoxMag,Pistol,Firearm
Thompson30CarbinePrototype,WW2,UnitedStatesOfAmerica,Automatic,BoxMag,Intermediate,Firearm
ThompsonM1928,WW2,UnitedStatesOfAmerica,Automatic,BoxMag,Pistol,Firearm
ThompsonM1A1,WW2,UnitedStatesOfAmerica,Automatic,BoxMag,Pistol,Firearm
ThompsonMk2,Futuristic,UnitedStatesOfAmerica,Automatic,BoxMag,Exotic,Firearm
Tomacuzi,Modern,KingdomOfSweden,Automatic,BoxMag,Pistol,Firearm
Type100,WW2,EmpireOfJapan,Automatic,BoxMag,Pistol,Firearm
UMP45,Modern,FederalRepublicOfGermany,Automatic,BoxMag,Pistol,Firearm
UMP9,Modern,FederalRepublicOfGermany,Automatic,BoxMag,Pistol,Firearm
Uzi_Classic,PostWar,StateOfIsrael,Automatic,BoxMag,Pistol,Firearm
Uzi_Compact,PostWar,StateOfIsrael,Automatic,BoxMag,Pistol,Firearm
Uzi_Mini,PostWar,StateOfIsrael,Automatic,BoxMag,Pistol,Firearm
Uzi_Nano,Modern,UnitedStatesOfAmerica,Automatic,BoxMag,Pistol,Firearm
Vector45,Modern,UnitedStatesOfAmerica,Automatic,BoxMag,Pistol,Firearm
ViperMk1,WW2,UnitedKingdom,Automatic,BoxMag,Pistol,Firearm
HCBBolt,Modern,None,None,,None,Cartridge
M1A1Rocket,WW2,None,None,,Ordnance,Cartridge
M720A1_Prop0,Modern,None,None,,Ordnance,Cartridge
M720A1_Prop1,Modern,None,None,,Ordnance,Cartridge
M72Rocket,PostWar,None,None,,Ordnance,Cartridge
RPzBGr4322Rocket,WW2,None,None,,None,Cartridge
RemoteMissile,Futuristic,None,None,,Ordnance,Cartridge
RPG7Rocket,PostWar,None,None,,Ordnance,Cartridge
SturmGrenade,WW2,None,None,,None,Cartridge
MagazineM1918BAR,WW1,None,None,,None,Magazine
Magazine_AR3_30rnd,Futuristic,None,None,,None,Magazine
MagazineBrenLMG,WW1,None,None,,None,Magazine
MagazineDP28,WW1,None,None,,None,Magazine
MagazineHandCrankFrank,WildWest,None,None,,None,Magazine
Magazine_HCB,Modern,None,None,,None,Magazine
JunkyardFlamethrowerTank,Modern,None,None,,None,Magazine
MagazineKolibri9001,None,None,None,,Ordnance,Magazine
MagazineM134,Modern,None,None,,None,Magazine
MagazineM240,Modern,None,None,,None,Magazine
MagazineM249Box,Modern,None,None,,None,Magazine
MagazineM2Tombstone,Modern,None,None,,None,Magazine
MagazineM60Box,Modern,None,None,,None,Magazine
Magazine_Mg42,WW2,None,None,,None,Magazine
MagazineMG42Giant,Modern,None,None,,None,Magazine
Magazine_Mk19,WW2,None,None,,None,Magazine
Magazine_PotatoGunCap,Modern,None,None,,None,Magazine
MagazineRPD,PostWar,None,None,,None,Magazine
MagazineSTENOF,Modern,None,None,,None,Magazine
MagazineSTENOFDrum,Modern,None,None,,None,Magazine
MagazineStingerBCU,None,None,None,,None,Magazine
MagazineStoner63LMG,Modern,None,None,,None,Magazine
GrappleGun,Futuristic,None,None,,None,Firearm
GravitonBeamer,Futuristic,None,None,,None,Firearm
PlungerLauncher,Futuristic,None,None,,None,Firearm
SustenanceCrossbow,Futuristic,None,None,,None,Firearm
BrenLMG,WW2,UnitedKingdom,Automatic,BoxMag,FullPower,Firearm
BrenShortyLMG,WW2,UnitedKingdom,Automatic,BoxMag,FullPower,Firearm
DP28LMG,WW2,UnionOfSovietSocialistRepublics,Automatic,BoxMag,FullPower,Firearm
DP28ShortyLMG,WW2,UnionOfSovietSocialistRepublics,Automatic,BoxMag,FullPower,Firearm
HandCrankFrank,WildWest,UnitedStatesOfAmerica,Automatic,BoxMag,FullPower,Firearm
M134Minigun,Modern,UnitedStatesOfAmerica,Automatic,BoxMag,FullPower,Firearm
M1918BAR,WW2,UnitedStatesOfAmerica,Automatic,BoxMag,FullPower,Firearm
M1918ShortyBAR,WW2,UnitedStatesOfAmerica,Automatic,BoxMag,FullPower,Firearm
M240B,Modern,UnitedStatesOfAmerica,Automatic,BoxMag,FullPower,Firearm
M249,Modern,KingdomOfBelgium,Automatic,BoxMag,Intermediate,Firearm
M2Tombstone,Modern,UnitedStatesOfAmerica,Automatic,BoxMag,AntiMaterial,Firearm
M60,PostWar,UnitedStatesOfAmerica,Automatic,BoxMag,FullPower,Firearm
M60E3,PostWar,UnitedStatesOfAmerica,Automatic,BoxMag,FullPower,Firearm
M60E4,Modern,UnitedStatesOfAmerica,Automatic,BoxMag,FullPower,Firearm
MG42,WW2,GermanReich,Automatic,BoxMag,FullPower,Firearm
Mk19,Modern,UnitedStatesOfAmerica,Automatic,BoxMag,Ordnance,Firearm
RPD,PostWar,UnionOfSovietSocialistRepublics,Automatic,BoxMag,Intermediate,Firearm
STENOF,Modern,KingdomOfNorway,Automatic,BoxMag,FullPower,Firearm
Stoner63LMG,PostWar,UnitedStatesOfAmerica,Automatic,BoxMag,FullPower,Firearm
SustenanceAR3,Futuristic,UnitedStatesOfAmerica,Automatic,BoxMag,Exotic,Firearm
UltimaxMark3,PostWar,UnitedKingdom,Automatic,BoxMag,FullPower,Firearm
ChinaLake,PostWar,UnitedStatesOfAmerica,PumpAction,InternalMag,Ordnance,Firearm
H69A1,Modern,WestGermany,BreakAction,BreachLoad,Ordnance,Firearm
JunkyardFlameThrower,Modern,UnitedStatesOfAmerica,Automatic,InternalMag,Fire,Firearm
Kolibri9001,Futuristic,UnitedStatesOfAmerica,Automatic,BoxMag,Ordnance,Firearm
M1A1Bazooka,WW2,UnitedStatesOfAmerica,OpenBreach,BreachLoad,Ordnance,Firearm
M224Mortar,PostWar,UnitedStatesOfAmerica,PumpAction,InternalMag,Ordnance,Firearm
M320GrenadeLauncher,Modern,FederalRepublicOfGermany,BreakAction,BreachLoad,Ordnance,Firearm
M72A7,Modern,UnitedStatesOfAmerica,OpenBreach,None,Ordnance,Firearm
M79GrenadeLauncher,PostWar,UnitedStatesOfAmerica,BreakAction,BreachLoad,Ordnance,Firearm
MGLGrenadeLauncher,Modern,RepublicOfSouthAfrica,Revolver,BreachLoad,Ordnance,Firearm
PanzerSchreck54,WW2,GermanReich,OpenBreach,BreachLoad,Ordnance,Firearm
PotatoGun,Modern,UnitedStatesOfAmerica,OpenBreach,BreachLoad,Exotic,Firearm
RemoteMissileLauncher,Modern,UnitedStatesOfAmerica,OpenBreach,InternalMag,Ordnance,Firearm
RG6,Modern,RussianFederation,BreakAction,BreachLoad,Ordnance,Firearm
RGM40_Kastet,Modern,RussianFederation,OpenBreach,BreachLoad,Ordnance,Firearm
RPG7,PostWar,UnionOfSovietSocialistRepublics,OpenBreach,BreachLoad,Ordnance,Firearm
Stinger,PostWar,UnitedStatesOfAmerica,Preloaded,InternalMag,Ordnance,Firearm
SturmPistole,WW2,GermanReich,OpenBreach,BreachLoad,Ordnance,Firearm
USPSAECIAL,Modern,UnitedStatesOfAmerica,BreakAction,BreachLoad,Ordnance,Firearm
8gauBuck.ftw,Futuristic,None,None,,Shotgun,Cartridge
8gauEmber.ftw,Futuristic,None,None,,Shotgun,Cartridge
8gauFrang.ftw,Futuristic,None,None,,Shotgun,Cartridge
8gauMag.ftw,Futuristic,None,None,,Shotgun,Cartridge
8gauSlug.ftw,Futuristic,None,None,,Shotgun,Cartridge
ftw.ntwoverhall.Ammo_AHEAD,Modern,RepublicOfSouthAfrica,BoltAction,,AntiMaterial,Cartridge
ftw.ntwoverhall.Ammo_ALGAHEAD,Modern,RepublicOfSouthAfrica,BoltAction,,AntiMaterial,Cartridge
ftw.ntwoverhall.Ammo_AP,Modern,RepublicOfSouthAfrica,BoltAction,,AntiMaterial,Cartridge
ftw.ntwoverhall.Ammo_Dart,Modern,RepublicOfSouthAfrica,BoltAction,,AntiMaterial,Cartridge
ftw.ntwoverhall.Ammo_HEF-T,Modern,RepublicOfSouthAfrica,BoltAction,,AntiMaterial,Cartridge
ftw.ntwoverhall.Ammo_HEI,Modern,RepublicOfSouthAfrica,BoltAction,,AntiMaterial,Cartridge
ftw.ntwoverhall.Ammo_PELE,Modern,RepublicOfSouthAfrica,BoltAction,,AntiMaterial,Cartridge
ftw.ntwoverhall.Ammo_Pract-T,Modern,RepublicOfSouthAfrica,BoltAction,,AntiMaterial,Cartridge
ftw.ntwoverhall.Ammo_Pract,Modern,RepublicOfSouthAfrica,BoltAction,,AntiMaterial,Cartridge
ftw.ntwoverhall.Ammo_SAPHEI,Modern,RepublicOfSouthAfrica,BoltAction,,AntiMaterial,Cartridge
ftw.ntwpefab.NTW20ButBetter,Modern,RepublicOfSouthAfrica,BoltAction,BoxMag,AntiMaterial,Firearm
ftw.ntwpefab.NTW20ButBetterMed,Modern,RepublicOfSouthAfrica,BoltAction,BoxMag,AntiMaterial,Firearm
ftw.ntwpefab.NTW20ButBetterNTR,Modern,RepublicOfSouthAfrica,BoltAction,BoxMag,AntiMaterial,Firearm
ftw.ntwpefab.NTW20ButBetterSmol,Modern,RepublicOfSouthAfrica,BoltAction,BoxMag,AntiMaterial,Firearm
ftw.ntwpefab.NTW20ButBetterWAR2,Modern,RepublicOfSouthAfrica,Automatic,BoxMag,AntiMaterial,Firearm
ftw.ntwpefab.NTW20ButBetterWAR,Modern,RepublicOfSouthAfrica,Automatic,BoxMag,AntiMaterial,Firearm
ftw.ntwpefab.NTW20Mag,Modern,RepublicOfSouthAfrica,BoltAction,,AntiMaterial,Magazine
ftw.ntwpefab.NTW20Mag12,Modern,RepublicOfSouthAfrica,BoltAction,,AntiMaterial,Magazine
ftw.ntwpefab.NTW20Mag5,Modern,RepublicOfSouthAfrica,BoltAction,,AntiMaterial,Magazine
ftw.ntwpefab.NTW20Mag8,Modern,RepublicOfSouthAfrica,BoltAction,,AntiMaterial,Magazine
magazine_TaranTacticalG34.tt,Modern,None,None,,None,Magazine
TaranTacticalG34.tt,Modern,UnitedStatesOfAmerica,Automatic,BoxMag,Pistol,Firearm
COOLCLOSEDBOLT,Futuristic,None,Automatic,BoxMag,Intermediate,Firearm
COOLREVOLVER,Futuristic,None,Revolver,BreachLoad,Pistol,Firearm
MagazineCOOLCLOSEDBOLT,Futuristic,None,None,,None,Magazine
556MVPGray,Modern,None,BoltAction,BoxMag,Intermediate,Firearm
300MVPGrn,Modern,None,BoltAction,BoxMag,Intermediate,Firearm
308MVPBlk,Modern,None,BoltAction,BoxMag,FullPower,Firearm
556MVPGrn,Modern,None,BoltAction,BoxMag,Intermediate,Firearm
308MVPWood,Modern,None,BoltAction,BoxMag,FullPower,Firearm
